[
{
   "pk": 1, 
   "model": "contenttypes.contenttype", 
   "fields": {
      "model": "permission", 
      "name": "permission", 
      "app_label": "auth"
   }
},
{
   "pk": 2, 
   "model": "contenttypes.contenttype", 
   "fields": {
      "model": "group", 
      "name": "group", 
      "app_label": "auth"
   }
},
{
   "pk": 3, 
   "model": "contenttypes.contenttype", 
   "fields": {
      "model": "user", 
      "name": "user", 
      "app_label": "auth"
   }
},
{
   "pk": 4, 
   "model": "contenttypes.contenttype", 
   "fields": {
      "model": "contenttype", 
      "name": "content type", 
      "app_label": "contenttypes"
   }
},
{
   "pk": 5, 
   "model": "contenttypes.contenttype", 
   "fields": {
      "model": "session", 
      "name": "session", 
      "app_label": "sessions"
   }
},
{
   "pk": 6, 
   "model": "contenttypes.contenttype", 
   "fields": {
      "model": "site", 
      "name": "site", 
      "app_label": "sites"
   }
},
{
   "pk": 7, 
   "model": "contenttypes.contenttype", 
   "fields": {
      "model": "logentry", 
      "name": "log entry", 
      "app_label": "admin"
   }
},
{
   "pk": 8, 
   "model": "contenttypes.contenttype", 
   "fields": {
      "model": "gallerycategory", 
      "name": "gallery category", 
      "app_label": "gallery"
   }
},
{
   "pk": 9, 
   "model": "contenttypes.contenttype", 
   "fields": {
      "model": "galleryitem", 
      "name": "gallery item", 
      "app_label": "gallery"
   }
},
{
   "pk": 10, 
   "model": "contenttypes.contenttype", 
   "fields": {
      "model": "galleryitemmodifier", 
      "name": "gallery item modifier", 
      "app_label": "gallery"
   }
},
{
   "pk": "59bocrlahdxja2vxhnkgxgp2zjwhqy2j", 
   "model": "sessions.session", 
   "fields": {
      "expire_date": "2013-06-04T17:28:11.429Z", 
      "session_data": "YjJjMmNhYzQ0ZWQ1ZGEzMGZiNTU4YzFjYjRiNmQ1ZmUzNmI0NTJmNTqAAn1xAShVEl9hdXRoX3VzZXJfYmFja2VuZHECVSlkamFuZ28uY29udHJpYi5hdXRoLmJhY2tlbmRzLk1vZGVsQmFja2VuZHEDVQ1fYXV0aF91c2VyX2lkcQRLAXUu"
   }
},
{
   "pk": "yzga2fr89prr6hk16babnk8v5qibauk8", 
   "model": "sessions.session", 
   "fields": {
      "expire_date": "2013-06-03T00:03:03.962Z", 
      "session_data": "YjJjMmNhYzQ0ZWQ1ZGEzMGZiNTU4YzFjYjRiNmQ1ZmUzNmI0NTJmNTqAAn1xAShVEl9hdXRoX3VzZXJfYmFja2VuZHECVSlkamFuZ28uY29udHJpYi5hdXRoLmJhY2tlbmRzLk1vZGVsQmFja2VuZHEDVQ1fYXV0aF91c2VyX2lkcQRLAXUu"
   }
},
{
   "pk": 1, 
   "model": "sites.site", 
   "fields": {
      "domain": "example.com", 
      "name": "example.com"
   }
},
{
   "pk": 1, 
   "model": "gallery.gallerycategory", 
   "fields": {
      "updatedOn": "2013-05-20T00:03:16Z", 
      "addedOn": "2013-05-20T00:03:16Z", 
      "title": "Landscapes"
   }
},
{
   "pk": 2, 
   "model": "gallery.gallerycategory", 
   "fields": {
      "updatedOn": "2013-05-20T00:03:50Z", 
      "addedOn": "2013-05-20T00:03:50Z", 
      "title": "Floral Arrangements"
   }
},
{
   "pk": 3, 
   "model": "gallery.gallerycategory", 
   "fields": {
      "updatedOn": "2013-05-20T00:04:06Z", 
      "addedOn": "2013-05-20T00:04:06Z", 
      "title": "Other Designs"
   }
},
{
   "pk": 1, 
   "model": "gallery.galleryitem", 
   "fields": {
      "category": 1, 
      "description": "I had an incredible time making this winter landscape. I used pastels covered with corn husks for the sky and was very pleased with the contrast of the mountains in the background. The cabin with smoke rising from the chimney made me want to enter it and sit by the fire.  I could clearly imagine sitting in the cabin and enjoying the landscape and oneness with nature from a window. It definitely brought out my oneness with nature.  I hope it does the same for you!\r\n\r\nBotanical materials included poplar, blackberry, day lilly, lilly of the valley and assorted Fall leaves; straw, corn husks, fern, hydrangea stems, onion skins, cosmos, cotton and birch bark. ", 
      "title": "A Winter Landscape", 
      "image": "img/gallery/art/151-winter-landscape-fr-w1.png", 
      "updatedOn": "2013-05-20T00:07:28Z", 
      "cover": "img/gallery/art/151-winter-landscape-w-sm1.png", 
      "frame_image": "img/gallery/art/151-winter-landscape-fr-w1.png", 
      "item_num": 151, 
      "addedOn": "2013-05-20T00:07:28Z"
   }
},
{
   "pk": 2, 
   "model": "gallery.galleryitem", 
   "fields": {
      "category": 1, 
      "description": "This colorful sunset was made almost completely from brightly colored Fall leaves.  While the sky used whole leaves, the shimmering water required hundreds of tiny strips of leaves.  This landscape reminds me of the magnificent sunsets which I have enjoyed while vacationing in the Caribbean.  I find it very inviting and hope you do too.\r\n\r\nBotanicals include:  Fall leaves of various colors, poplar leaves, skeleton leaf, ornamental cabbage, fern and pieces of beehive.", 
      "title": "Golden Sunset", 
      "image": "img/gallery/art/149-Golden-Sunset-w-sm2.png", 
      "updatedOn": "2013-05-20T01:00:00Z", 
      "cover": "img/gallery/art/149-Golden-Sunset-w-sm2.png", 
      "frame_image": "img/gallery/art/149-Golden-Sunset-w-sm2.png", 
      "item_num": 149, 
      "addedOn": "2013-05-20T01:00:00Z"
   }
},
{
   "pk": 3, 
   "model": "gallery.galleryitem", 
   "fields": {
      "category": 1, 
      "description": "This colorful garden scene with bright birds above can\u2019t help but make you smile.  Can you feel the warm sunshine on your face on this beautiful sunny day?\r\n\r\nBotanicals include:  Astilbe, larkspur, pampas grass blossoms, thryallis, salvia, buttercups, veronica, pansy, baby\u2019s breath, gerbera daisy, fern, browned lily leaves, straw, blackberry leaves and assorted leaves.", 
      "title": "Mother's Day Garden", 
      "image": "img/gallery/art/119-My-Mothers-Garden-w-sm1.png", 
      "updatedOn": "2013-05-20T01:01:04Z", 
      "cover": "img/gallery/art/119-My-Mothers-Garden-w-sm1.png", 
      "frame_image": "img/gallery/art/119-My-Mothers-Garden-w-sm1.png", 
      "item_num": 119, 
      "addedOn": "2013-05-20T01:01:04Z"
   }
},
{
   "pk": 4, 
   "model": "gallery.galleryitem", 
   "fields": {
      "category": 1, 
      "description": "Everyone loves a seascape \u2013 especially when you live in the Finger Lakes.  The sky was made from hydrangea and the water from delphinium and onion membrane.  The yellow and orange sails on the boats were made from straw. The red and green sails were made from poinsettia. The wooden boats were from browned lily leaves.  The sand was made from a variety of faded lily leaves. Other botanicals include: ixora, yarrow, allium, deutzia, moss and miscellaneous leaves. ", 
      "title": "Memories Past", 
      "image": "img/gallery/art/118-Memories-Past-w-sm1.png", 
      "updatedOn": "2013-05-20T01:01:58Z", 
      "cover": "img/gallery/art/118-Memories-Past-w-sm1.png", 
      "frame_image": "img/gallery/art/118-Memories-Past-w-sm1.png", 
      "item_num": 118, 
      "addedOn": "2013-05-20T01:01:58Z"
   }
},
{
   "pk": 5, 
   "model": "gallery.galleryitem", 
   "fields": {
      "category": 1, 
      "description": "This regal rooster has generated a lot of crowing and clucking.  I love roosters and had wanted to create one with pressed flowers for some time.  I must admit that I hadn\u2019t planned for him to be so large. The rooster was made with hollyhock petals, gerbera daisy, pampas grass blossoms and tree bark.  The barnyard and coop were made with lily of the valley leaves, butterfly weed, goldenrod, fall leaves, ornamental grass blossoms, browned daylily leaves, poplar leaves, straw, ornamental cabbage.  The sky was created from the back side of poplar leaves.  Wouldn\u2019t you love to take this Regal Rooster home with you?", 
      "title": "Regal Rooster", 
      "image": "img/gallery/art/138-Regal-Rooster-w-sm2.png", 
      "updatedOn": "2013-05-20T01:02:35Z", 
      "cover": "img/gallery/art/138-Regal-Rooster-w-sm2.png", 
      "frame_image": "img/gallery/art/138-Regal-Rooster-w-sm2.png", 
      "item_num": 138, 
      "addedOn": "2013-05-20T01:02:35Z"
   }
},
{
   "pk": 6, 
   "model": "gallery.galleryitem", 
   "fields": {
      "category": 1, 
      "description": "This piece was very fun to create and even more fun to share with customers.  \r\n\r\nBotanicals included hydrangea, lily of the valley leaves, buttercups, larkspur, speedwell, astilbe, golden alexander, geranium, cora bell, primrose, rose, peony, forget me nots, lambs ear and various greens. ", 
      "title": "Enchanted Garden", 
      "image": "img/gallery/art/93-Enchanted-Garden-w-sm1.png", 
      "updatedOn": "2013-05-20T01:04:23Z", 
      "cover": "img/gallery/art/93-Enchanted-Garden-w-sm1.png", 
      "frame_image": "img/gallery/art/93-Enchanted-Garden-w-sm1.png", 
      "item_num": 93, 
      "addedOn": "2013-05-20T01:04:23Z"
   }
},
{
   "pk": 7, 
   "model": "gallery.galleryitem", 
   "fields": {
      "category": 1, 
      "description": "Don\u2019t you love waterfalls?  Can you hear the roar of the water as it cascades down from above?  \r\n\r\nBotanicals include: Japanese maple leaves, fern, skeleton leaves, blackberry leaves, maidenhair fern, goldenrod, smoke bush leaves and cotton. ", 
      "title": "Autumn Splendor", 
      "image": "img/gallery/art/115-Autumn-splender-w-sm1.png", 
      "updatedOn": "2013-05-20T01:05:11Z", 
      "cover": "img/gallery/art/115-Autumn-splender-w-sm1.png", 
      "frame_image": "img/gallery/art/115-Autumn-splender-w-sm1.png", 
      "item_num": 115, 
      "addedOn": "2013-05-20T01:05:11Z"
   }
},
{
   "pk": 8, 
   "model": "gallery.galleryitem", 
   "fields": {
      "category": 1, 
      "description": "I learned the art of creating birch trees at a recent conference hosted by the World Wide Pressed Flower Guild.  I used real birch bark and added pieces of other botanicals to make them appear realistic. To depict summertime, I added many strips and cuttings of green and brown leaves and added colorful flowers.  The birds were made from banana peel. Wouldn\u2019t it be fun to take a walk through the woods?\r\n\r\nBotanicals include:  birch bark, miscellaneous green, brown and grey leaves, fern, Queen Anne\u2019s lace, Cora bell, forget-me-nots, garlic skin and banana peel. ", 
      "title": "Summer Birch Trees", 
      "image": "img/gallery/art/150-Summer Birch Trees-w-sm1.png", 
      "updatedOn": "2013-05-20T01:06:03Z", 
      "cover": "img/gallery/art/150-Summer Birch Trees-w-sm1.png", 
      "frame_image": "img/gallery/art/150-Summer Birch Trees-w-sm1.png", 
      "item_num": 150, 
      "addedOn": "2013-05-20T01:06:03Z"
   }
},
{
   "pk": 9, 
   "model": "gallery.galleryitem", 
   "fields": {
      "category": 1, 
      "description": "Can you feel the sun shining and the wonderful scent of flowers in bloom.  The peaceful parrot and toucan are an added treat. Botanicals include oxora, geranium, yarrow, deutzia, maidenhair and various fern leaves, moss and various flower petals gathered while vacationing in the Caribbean. The sky and the walkway were colored using pastels.   ", 
      "title": "Tropical Garden", 
      "image": "img/gallery/art/113-Tropical-Garden-w-sm1.png", 
      "updatedOn": "2013-05-20T01:06:31Z", 
      "cover": "img/gallery/art/113-Tropical-Garden-w-sm1.png", 
      "frame_image": "img/gallery/art/113-Tropical-Garden-w-sm1.png", 
      "item_num": 113, 
      "addedOn": "2013-05-20T01:06:31Z"
   }
},
{
   "pk": 10, 
   "model": "gallery.galleryitem", 
   "fields": {
      "category": 2, 
      "description": "Wagons always remind me of my childhood.   This wagon was created with fall leaves, straw (dyed green) and yellow daisies. It is filled with a vast bouquet of blossoms and greens. I hope it brings a smile to your face. \r\n\r\nBotanicals include:  Fall leaves, straw, daisies, sunflower, delphinium, scabiosa, geranium, salvia, hydrangea, maidenhair fern, rose petals and silver poplar. \r\n", 
      "title": "Fall Leaf Wagon of Flowers", 
      "image": "img/gallery/art/142-Fall-Wagon-of-Flowers-w-sm1.png", 
      "updatedOn": "2013-05-20T01:07:22Z", 
      "cover": "img/gallery/art/142-Fall-Wagon-of-Flowers-w-sm1.png", 
      "frame_image": "img/gallery/art/142-Fall-Wagon-of-Flowers-w-sm1.png", 
      "item_num": 142, 
      "addedOn": "2013-05-20T01:07:22Z"
   }
},
{
   "pk": 11, 
   "model": "gallery.galleryitem", 
   "fields": {
      "category": 2, 
      "description": "I was introduced to using beehive material from a dear friend from the UK.  I just love the swirls for flower baskets.  \r\n\r\nBotanicals include: hydrangea, cosmos, hellebore, scabiosa, salvia, deutzia, bleeding heart, wild onion tendrils, ivy, and astilbe leaves.", 
      "title": "Beehive Basket", 
      "image": "img/gallery/art/157-Beehive Basket2-w-sm1.png", 
      "updatedOn": "2013-05-20T01:58:03Z", 
      "cover": "img/gallery/art/157-Beehive Basket2-w-sm1.png", 
      "frame_image": "img/gallery/art/157-Beehive Basket2-w-sm1.png", 
      "item_num": 157, 
      "addedOn": "2013-05-20T01:58:03Z"
   }
},
{
   "pk": 12, 
   "model": "gallery.galleryitem", 
   "fields": {
      "category": 2, 
      "description": "Many of the flowers displayed in this floral wheelbarrow came from a friend in Anaheim, California.  The wheelbarrow itself was made from the underside of blackberry leaves and straw (dyed blue) with a cosmos wheel.\r\n\r\nBotanicals include:  Blackberry leaves, straw, cosmos, bridal veil, hydrangea, lily, Mexican bird of paradise, scabiosa, bridal veil solidago, pansy and maidenhair fern.\r\n", 
      "title": "Floral Wheelbarrow", 
      "image": "img/gallery/art/140-wheelbarrow-w-sm1.png", 
      "updatedOn": "2013-05-20T01:58:27Z", 
      "cover": "img/gallery/art/140-wheelbarrow-w-sm1.png", 
      "frame_image": "img/gallery/art/140-wheelbarrow-w-sm1.png", 
      "item_num": 140, 
      "addedOn": "2013-05-20T01:58:27Z"
   }
},
{
   "pk": 13, 
   "model": "gallery.galleryitem", 
   "fields": {
      "category": 2, 
      "description": "I love peonies, especially the dark red varieties.  This piece features a vase created with a magnolia leaf gathered during a vacation in Nashville, TN which is adorned with a fiddlehead fern. The vase is filled with peony, delpinium, scabiosa, larkspur, sage leaves, speedwell, Queen Anne\u2019s lace, cora bell leaves and wild onion tendrils. The vase sits on ginkgo leaf. The table was made from browned day lily leaves.  The background is decorative paper. ", 
      "title": "Magnolia and Lace", 
      "image": "img/gallery/art/123-Magnolia-and-Lace-w-sm1.png", 
      "updatedOn": "2013-05-20T01:58:57Z", 
      "cover": "img/gallery/art/123-Magnolia-and-Lace-w-sm1.png", 
      "frame_image": "img/gallery/art/123-Magnolia-and-Lace-w-sm1.png", 
      "item_num": 123, 
      "addedOn": "2013-05-20T01:58:57Z"
   }
},
{
   "pk": 14, 
   "model": "gallery.galleryitem", 
   "fields": {
      "category": 2, 
      "description": "Spring is the time of new awakenings in my garden.  I especially love when the daffodils poke through the ground and show their bright yellow heads.   All seems well in the world.\r\n\r\nBotanicals include:  daffodils, wild onion tendrils, lily of the valley leaves, larkspur petals and Artemisia.", 
      "title": "Glorious Daffodils", 
      "image": "img/gallery/art/117-Glorious-Daffodils-w-sm1.png", 
      "updatedOn": "2013-05-20T01:59:56Z", 
      "cover": "img/gallery/art/117-Glorious-Daffodils-w-sm1.png", 
      "frame_image": "img/gallery/art/117-Glorious-Daffodils-w-sm1.png", 
      "item_num": 117, 
      "addedOn": "2013-05-20T01:59:56Z"
   }
},
{
   "pk": 15, 
   "model": "gallery.galleryitem", 
   "fields": {
      "category": 2, 
      "description": "This lovely picture was made under the guidance of an award-winning pressed flower artist from Taiwan.  She taught me how to emphasize the light both in the pastel background and by placing darker flower petals and dyed skeleton leaves on top of lighter petals.  It was a very \u201cenlightening\u201d class!\r\n\r\nBotanicals include: gerbera daisy, ivy, skeleton leaves and various leaves. ", 
      "title": "Follow the Light", 
      "image": "img/gallery/art/107-Follow-the-Light-w1.png", 
      "updatedOn": "2013-05-20T02:00:27Z", 
      "cover": "img/gallery/art/107-Follow-the-Light-w1.png", 
      "frame_image": "img/gallery/art/107-Follow-the-Light-w1.png", 
      "item_num": 107, 
      "addedOn": "2013-05-20T02:00:27Z"
   }
},
{
   "pk": 16, 
   "model": "gallery.galleryitem", 
   "fields": {
      "category": 3, 
      "description": "This colorful collage features Japanese maple leaves of various shades along with sea oats layered between sheets of Japanese Sanwa paper.  The background is handmade rice paper. I love the colors and the motion in this simple design.   I hope you do too!\r\n", 
      "title": "Nature's Dance", 
      "image": "img/gallery/art/145-Natures-Dance-w-sm1.png", 
      "updatedOn": "2013-05-20T02:00:56Z", 
      "cover": "img/gallery/art/145-Natures-Dance-w-sm1.png", 
      "frame_image": "img/gallery/art/145-Natures-Dance-w-sm1.png", 
      "item_num": 145, 
      "addedOn": "2013-05-20T02:00:56Z"
   }
},
{
   "pk": 17, 
   "model": "gallery.galleryitem", 
   "fields": {
      "category": 3, 
      "description": "I learned how to press straw a few years ago but up until now only used it to make birdhouses, window sills and other simple designs.  This piece was made with 100% pressed straw.  The bird was designed with strips of straw with added cuttings to enhance this fine feathered friend.  The flowers and leaves, however, were much more complex.  They were made from pieces which were cut and angled to reflect the veins in a leaf and to add dimension to the flower petals.  A lot more went into this design than one might have thought.  I hope you like it!\r\n\r\nBotanicals include:  straw, straw & more straw, some of which were dyed.", 
      "title": "My Garden Visitor", 
      "image": "img/gallery/art/159-Garden Visitor-w-sm1.png", 
      "updatedOn": "2013-05-20T02:01:28Z", 
      "cover": "img/gallery/art/159-Garden Visitor-w-sm1.png", 
      "frame_image": "img/gallery/art/159-Garden Visitor-w-sm1.png", 
      "item_num": 159, 
      "addedOn": "2013-05-20T02:01:28Z"
   }
},
{
   "pk": 18, 
   "model": "gallery.galleryitem", 
   "fields": {
      "category": 2, 
      "description": "Did you know that birch bark consists of two layers? Just under the outer gray/off white layer is this lovely speckled tan bark which makes a lovely flower basket.  The beautiful orchid was from a Mother\u2019s Day bouquet from my son and his wife.  The table was made from smoke bush leaves gathered in the Fall. I hope you like it!\r\n\r\nBotanicals include:  birch bark, orchid, delphinium, dogwood, roses, deutzia, Japanese lace maple, ivy and clematis leaves. \r\n", 
      "title": "Orchid Birch Basket", 
      "image": "img/gallery/art/141-Birch-Basket-Orchid-w-sm1.png", 
      "updatedOn": "2013-05-21T19:02:21Z", 
      "cover": "img/gallery/art/141-Birch-Basket-Orchid-w-sm1.png", 
      "frame_image": "img/gallery/art/141-Birch-Basket-Orchid-w-sm1.png", 
      "item_num": 141, 
      "addedOn": "2013-05-21T19:02:21Z"
   }
},
{
   "pk": 1, 
   "model": "gallery.galleryitemmodifier", 
   "fields": {
      "item": 1, 
      "order": 10, 
      "value": "11\" x 14\"", 
      "title": "Size of Art"
   }
},
{
   "pk": 2, 
   "model": "gallery.galleryitemmodifier", 
   "fields": {
      "item": 1, 
      "order": 10, 
      "value": "16\" x 20\"", 
      "title": "Framed Size"
   }
},
{
   "pk": 4, 
   "model": "gallery.galleryitemmodifier", 
   "fields": {
      "item": 1, 
      "order": 10, 
      "value": "is available - $265.00", 
      "title": "Original"
   }
},
{
   "pk": 6, 
   "model": "gallery.galleryitemmodifier", 
   "fields": {
      "item": 1, 
      "order": 1, 
      "value": "Not Currently Available", 
      "title": "Coasters "
   }
},
{
   "pk": 7, 
   "model": "gallery.galleryitemmodifier", 
   "fields": {
      "item": 1, 
      "order": 10, 
      "value": "Available Special Order", 
      "title": "Trivets"
   }
},
{
   "pk": 8, 
   "model": "gallery.galleryitemmodifier", 
   "fields": {
      "item": 1, 
      "order": 10, 
      "value": "11\" x 14\" is available", 
      "title": "Digital Print"
   }
},
{
   "pk": 9, 
   "model": "gallery.galleryitemmodifier", 
   "fields": {
      "item": 2, 
      "order": 10, 
      "value": "11\" x 14\"", 
      "title": "Size of Art"
   }
},
{
   "pk": 10, 
   "model": "gallery.galleryitemmodifier", 
   "fields": {
      "item": 2, 
      "order": 10, 
      "value": "11\" x 14\"", 
      "title": "Framed Size"
   }
},
{
   "pk": 11, 
   "model": "gallery.galleryitemmodifier", 
   "fields": {
      "item": 2, 
      "order": 10, 
      "value": "is available - $195.00", 
      "title": "Original"
   }
},
{
   "pk": 12, 
   "model": "gallery.galleryitemmodifier", 
   "fields": {
      "item": 2, 
      "order": 10, 
      "value": "11\" x 14\" is available", 
      "title": "Digital Print"
   }
},
{
   "pk": 13, 
   "model": "gallery.galleryitemmodifier", 
   "fields": {
      "item": 2, 
      "order": 10, 
      "value": "Available Special Order", 
      "title": "Trivets"
   }
},
{
   "pk": 14, 
   "model": "gallery.galleryitemmodifier", 
   "fields": {
      "item": 2, 
      "order": 10, 
      "value": "Available Special Order", 
      "title": "Coasters"
   }
},
{
   "pk": 15, 
   "model": "gallery.galleryitemmodifier", 
   "fields": {
      "item": 8, 
      "order": 10, 
      "value": "8\" x 10\"", 
      "title": "Size of Art"
   }
},
{
   "pk": 16, 
   "model": "gallery.galleryitemmodifier", 
   "fields": {
      "item": 8, 
      "order": 10, 
      "value": "11\" x 14\"", 
      "title": "Framed Size"
   }
},
{
   "pk": 17, 
   "model": "gallery.galleryitemmodifier", 
   "fields": {
      "item": 8, 
      "order": 10, 
      "value": "Is available - $165.00", 
      "title": "Original"
   }
},
{
   "pk": 18, 
   "model": "gallery.galleryitemmodifier", 
   "fields": {
      "item": 8, 
      "order": 10, 
      "value": "Available Special Order", 
      "title": "Coasters"
   }
},
{
   "pk": 19, 
   "model": "gallery.galleryitemmodifier", 
   "fields": {
      "item": 8, 
      "order": 10, 
      "value": "Available Special Order", 
      "title": "Trivets"
   }
},
{
   "pk": 20, 
   "model": "gallery.galleryitemmodifier", 
   "fields": {
      "item": 8, 
      "order": 10, 
      "value": "8\" x 10\" available", 
      "title": "Digital Print"
   }
},
{
   "pk": 21, 
   "model": "gallery.galleryitemmodifier", 
   "fields": {
      "item": 16, 
      "order": 10, 
      "value": "11\" x 14\"", 
      "title": "Size of Art"
   }
},
{
   "pk": 22, 
   "model": "gallery.galleryitemmodifier", 
   "fields": {
      "item": 16, 
      "order": 10, 
      "value": "11\" x 14\"", 
      "title": "Framed Size"
   }
},
{
   "pk": 23, 
   "model": "gallery.galleryitemmodifier", 
   "fields": {
      "item": 16, 
      "order": 10, 
      "value": "Is available - $85.00", 
      "title": "Original"
   }
},
{
   "pk": 24, 
   "model": "gallery.galleryitemmodifier", 
   "fields": {
      "item": 16, 
      "order": 10, 
      "value": "11\" x 14\" is available", 
      "title": "Digital Print"
   }
},
{
   "pk": 26, 
   "model": "gallery.galleryitemmodifier", 
   "fields": {
      "item": 3, 
      "order": 10, 
      "value": "11\" x 14\"", 
      "title": "Size of Art"
   }
},
{
   "pk": 27, 
   "model": "gallery.galleryitemmodifier", 
   "fields": {
      "item": 3, 
      "order": 10, 
      "value": "Sold", 
      "title": "Original"
   }
},
{
   "pk": 28, 
   "model": "gallery.galleryitemmodifier", 
   "fields": {
      "item": 3, 
      "order": 10, 
      "value": "Available", 
      "title": "Coasters"
   }
},
{
   "pk": 29, 
   "model": "gallery.galleryitemmodifier", 
   "fields": {
      "item": 3, 
      "order": 10, 
      "value": "Available", 
      "title": "Trivets"
   }
},
{
   "pk": 30, 
   "model": "gallery.galleryitemmodifier", 
   "fields": {
      "item": 3, 
      "order": 10, 
      "value": "11\" x 14\" is available", 
      "title": "Digital Print"
   }
},
{
   "pk": 31, 
   "model": "gallery.galleryitemmodifier", 
   "fields": {
      "item": 4, 
      "order": 10, 
      "value": "11\" x 14\"", 
      "title": "Size of Art"
   }
},
{
   "pk": 32, 
   "model": "gallery.galleryitemmodifier", 
   "fields": {
      "item": 4, 
      "order": 10, 
      "value": "Sold", 
      "title": "Original"
   }
},
{
   "pk": 33, 
   "model": "gallery.galleryitemmodifier", 
   "fields": {
      "item": 4, 
      "order": 10, 
      "value": "Available", 
      "title": "Coasters"
   }
},
{
   "pk": 34, 
   "model": "gallery.galleryitemmodifier", 
   "fields": {
      "item": 4, 
      "order": 10, 
      "value": "Available", 
      "title": "Trivets"
   }
},
{
   "pk": 35, 
   "model": "gallery.galleryitemmodifier", 
   "fields": {
      "item": 4, 
      "order": 10, 
      "value": "11\" x 14\" is available", 
      "title": "Digital Print"
   }
},
{
   "pk": 36, 
   "model": "gallery.galleryitemmodifier", 
   "fields": {
      "item": 6, 
      "order": 10, 
      "value": "11\" x 14\"", 
      "title": "Size of Art"
   }
},
{
   "pk": 37, 
   "model": "gallery.galleryitemmodifier", 
   "fields": {
      "item": 6, 
      "order": 10, 
      "value": "Sold", 
      "title": "Original"
   }
},
{
   "pk": 38, 
   "model": "gallery.galleryitemmodifier", 
   "fields": {
      "item": 6, 
      "order": 10, 
      "value": "11\" x 14\" is available", 
      "title": "Digital Print"
   }
},
{
   "pk": 39, 
   "model": "gallery.galleryitemmodifier", 
   "fields": {
      "item": 5, 
      "order": 10, 
      "value": "11\" x 14\"", 
      "title": "Size of Art"
   }
},
{
   "pk": 40, 
   "model": "gallery.galleryitemmodifier", 
   "fields": {
      "item": 5, 
      "order": 10, 
      "value": "16\" x 20\"", 
      "title": "Framed Size"
   }
},
{
   "pk": 41, 
   "model": "gallery.galleryitemmodifier", 
   "fields": {
      "item": 5, 
      "order": 10, 
      "value": "Is available - $165.00", 
      "title": "Original"
   }
},
{
   "pk": 42, 
   "model": "gallery.galleryitemmodifier", 
   "fields": {
      "item": 5, 
      "order": 10, 
      "value": "Available", 
      "title": "Coasters"
   }
},
{
   "pk": 43, 
   "model": "gallery.galleryitemmodifier", 
   "fields": {
      "item": 5, 
      "order": 10, 
      "value": "Available", 
      "title": "Trivets"
   }
},
{
   "pk": 44, 
   "model": "gallery.galleryitemmodifier", 
   "fields": {
      "item": 5, 
      "order": 10, 
      "value": "11\" x 14\" is available", 
      "title": "Digital Print"
   }
},
{
   "pk": 45, 
   "model": "gallery.galleryitemmodifier", 
   "fields": {
      "item": 7, 
      "order": 10, 
      "value": "11\" x 14\"", 
      "title": "Size of Art"
   }
},
{
   "pk": 46, 
   "model": "gallery.galleryitemmodifier", 
   "fields": {
      "item": 7, 
      "order": 10, 
      "value": "16\" x 20\"", 
      "title": "Framed Size"
   }
},
{
   "pk": 47, 
   "model": "gallery.galleryitemmodifier", 
   "fields": {
      "item": 7, 
      "order": 10, 
      "value": "Is available - $165.00", 
      "title": "Original"
   }
},
{
   "pk": 48, 
   "model": "gallery.galleryitemmodifier", 
   "fields": {
      "item": 9, 
      "order": 10, 
      "value": "11\" x 14\"", 
      "title": "Size of Art"
   }
},
{
   "pk": 49, 
   "model": "gallery.galleryitemmodifier", 
   "fields": {
      "item": 9, 
      "order": 10, 
      "value": "Sold", 
      "title": "Original"
   }
},
{
   "pk": 50, 
   "model": "gallery.galleryitemmodifier", 
   "fields": {
      "item": 9, 
      "order": 10, 
      "value": "Available Special Order", 
      "title": "Coasters"
   }
},
{
   "pk": 51, 
   "model": "gallery.galleryitemmodifier", 
   "fields": {
      "item": 9, 
      "order": 10, 
      "value": "Available Special Order", 
      "title": "Trivets"
   }
},
{
   "pk": 53, 
   "model": "gallery.galleryitemmodifier", 
   "fields": {
      "item": 10, 
      "order": 10, 
      "value": "8\" x 10\"", 
      "title": "Size of Art"
   }
},
{
   "pk": 54, 
   "model": "gallery.galleryitemmodifier", 
   "fields": {
      "item": 10, 
      "order": 10, 
      "value": "11\" x 14\"", 
      "title": "Framed Size"
   }
},
{
   "pk": 55, 
   "model": "gallery.galleryitemmodifier", 
   "fields": {
      "item": 10, 
      "order": 10, 
      "value": "Is available - $75.00", 
      "title": "Original"
   }
},
{
   "pk": 56, 
   "model": "gallery.galleryitemmodifier", 
   "fields": {
      "item": 10, 
      "order": 10, 
      "value": "Not Currently Available", 
      "title": "Coasters"
   }
},
{
   "pk": 57, 
   "model": "gallery.galleryitemmodifier", 
   "fields": {
      "item": 10, 
      "order": 10, 
      "value": "Not Currently Available", 
      "title": "Trivets"
   }
},
{
   "pk": 58, 
   "model": "gallery.galleryitemmodifier", 
   "fields": {
      "item": 10, 
      "order": 10, 
      "value": "Not Currently Available", 
      "title": "Digital Print"
   }
},
{
   "pk": 59, 
   "model": "gallery.galleryitemmodifier", 
   "fields": {
      "item": 18, 
      "order": 10, 
      "value": "11\" x 14\"", 
      "title": "Size of Art"
   }
},
{
   "pk": 60, 
   "model": "gallery.galleryitemmodifier", 
   "fields": {
      "item": 18, 
      "order": 10, 
      "value": "11\" x 14\"", 
      "title": "Framed Size"
   }
},
{
   "pk": 61, 
   "model": "gallery.galleryitemmodifier", 
   "fields": {
      "item": 18, 
      "order": 10, 
      "value": "Is available - $75.00", 
      "title": "Original"
   }
},
{
   "pk": 62, 
   "model": "gallery.galleryitemmodifier", 
   "fields": {
      "item": 18, 
      "order": 10, 
      "value": "Not Currently Available", 
      "title": "Coasters"
   }
},
{
   "pk": 63, 
   "model": "gallery.galleryitemmodifier", 
   "fields": {
      "item": 18, 
      "order": 10, 
      "value": "Not Currently Available", 
      "title": "Trivets"
   }
},
{
   "pk": 64, 
   "model": "gallery.galleryitemmodifier", 
   "fields": {
      "item": 18, 
      "order": 10, 
      "value": "Not Currently Available", 
      "title": "Digital Print"
   }
},
{
   "pk": 65, 
   "model": "gallery.galleryitemmodifier", 
   "fields": {
      "item": 11, 
      "order": 10, 
      "value": "11\" x 14\"", 
      "title": "Size of Art"
   }
},
{
   "pk": 66, 
   "model": "gallery.galleryitemmodifier", 
   "fields": {
      "item": 11, 
      "order": 10, 
      "value": "11\" x 14\"", 
      "title": "Framed Size"
   }
},
{
   "pk": 67, 
   "model": "gallery.galleryitemmodifier", 
   "fields": {
      "item": 11, 
      "order": 10, 
      "value": "Is available - $75.00", 
      "title": "Original"
   }
},
{
   "pk": 68, 
   "model": "gallery.galleryitemmodifier", 
   "fields": {
      "item": 11, 
      "order": 10, 
      "value": "Not Currently Available", 
      "title": "Coasters"
   }
},
{
   "pk": 69, 
   "model": "gallery.galleryitemmodifier", 
   "fields": {
      "item": 11, 
      "order": 10, 
      "value": "Not Currently Available", 
      "title": "Trivets"
   }
},
{
   "pk": 70, 
   "model": "gallery.galleryitemmodifier", 
   "fields": {
      "item": 11, 
      "order": 10, 
      "value": "Not Currently Available", 
      "title": "Digital Print"
   }
},
{
   "pk": 71, 
   "model": "gallery.galleryitemmodifier", 
   "fields": {
      "item": 12, 
      "order": 10, 
      "value": "11\" x 14\"", 
      "title": "Size of Art"
   }
},
{
   "pk": 72, 
   "model": "gallery.galleryitemmodifier", 
   "fields": {
      "item": 12, 
      "order": 10, 
      "value": "11\" x 14\"", 
      "title": "Framed Size"
   }
},
{
   "pk": 73, 
   "model": "gallery.galleryitemmodifier", 
   "fields": {
      "item": 12, 
      "order": 10, 
      "value": "Is available - $75.00", 
      "title": "Original"
   }
},
{
   "pk": 74, 
   "model": "gallery.galleryitemmodifier", 
   "fields": {
      "item": 12, 
      "order": 10, 
      "value": "Not Currently Available", 
      "title": "Coasters"
   }
},
{
   "pk": 75, 
   "model": "gallery.galleryitemmodifier", 
   "fields": {
      "item": 12, 
      "order": 10, 
      "value": "Not Currently Available", 
      "title": "Trivets"
   }
},
{
   "pk": 76, 
   "model": "gallery.galleryitemmodifier", 
   "fields": {
      "item": 12, 
      "order": 10, 
      "value": "Available 8\" x 10\"", 
      "title": "Digital Print"
   }
},
{
   "pk": 77, 
   "model": "gallery.galleryitemmodifier", 
   "fields": {
      "item": 7, 
      "order": 10, 
      "value": "Not Currently Available", 
      "title": "Coasters"
   }
},
{
   "pk": 78, 
   "model": "gallery.galleryitemmodifier", 
   "fields": {
      "item": 7, 
      "order": 10, 
      "value": "Not Currently Available", 
      "title": "Trivets"
   }
},
{
   "pk": 79, 
   "model": "gallery.galleryitemmodifier", 
   "fields": {
      "item": 7, 
      "order": 10, 
      "value": "Not Currently Available", 
      "title": "Digital Print"
   }
},
{
   "pk": 80, 
   "model": "gallery.galleryitemmodifier", 
   "fields": {
      "item": 9, 
      "order": 10, 
      "value": "8\" x 10\" available", 
      "title": "Digital Print"
   }
},
{
   "pk": 81, 
   "model": "gallery.galleryitemmodifier", 
   "fields": {
      "item": 14, 
      "order": 10, 
      "value": "11\" x 14\"", 
      "title": "Size of Art"
   }
},
{
   "pk": 82, 
   "model": "gallery.galleryitemmodifier", 
   "fields": {
      "item": 14, 
      "order": 10, 
      "value": "11\" x 14\"", 
      "title": "Framed Size"
   }
},
{
   "pk": 83, 
   "model": "gallery.galleryitemmodifier", 
   "fields": {
      "item": 14, 
      "order": 10, 
      "value": "Is available - $70.00", 
      "title": "Original"
   }
},
{
   "pk": 84, 
   "model": "gallery.galleryitemmodifier", 
   "fields": {
      "item": 14, 
      "order": 10, 
      "value": "Not Currently Available", 
      "title": "Coasters"
   }
},
{
   "pk": 85, 
   "model": "gallery.galleryitemmodifier", 
   "fields": {
      "item": 14, 
      "order": 10, 
      "value": "Not Currently Available", 
      "title": "Trivets"
   }
},
{
   "pk": 86, 
   "model": "gallery.galleryitemmodifier", 
   "fields": {
      "item": 14, 
      "order": 10, 
      "value": "Not Currently Available", 
      "title": "Digital Print"
   }
},
{
   "pk": 87, 
   "model": "gallery.galleryitemmodifier", 
   "fields": {
      "item": 15, 
      "order": 10, 
      "value": "5\" x 7\"", 
      "title": "Size of Art"
   }
},
{
   "pk": 88, 
   "model": "gallery.galleryitemmodifier", 
   "fields": {
      "item": 15, 
      "order": 10, 
      "value": "8\" x 10\"", 
      "title": "Framed Size"
   }
},
{
   "pk": 89, 
   "model": "gallery.galleryitemmodifier", 
   "fields": {
      "item": 15, 
      "order": 10, 
      "value": "is available - $50.00", 
      "title": "Original"
   }
},
{
   "pk": 90, 
   "model": "gallery.galleryitemmodifier", 
   "fields": {
      "item": 17, 
      "order": 10, 
      "value": "8\" x 10\"", 
      "title": "Size of Art"
   }
},
{
   "pk": 91, 
   "model": "gallery.galleryitemmodifier", 
   "fields": {
      "item": 17, 
      "order": 10, 
      "value": "8\" x 10\"", 
      "title": "Framed Size"
   }
},
{
   "pk": 92, 
   "model": "gallery.galleryitemmodifier", 
   "fields": {
      "item": 17, 
      "order": 10, 
      "value": "is available - $135.00", 
      "title": "Original"
   }
},
{
   "pk": 93, 
   "model": "gallery.galleryitemmodifier", 
   "fields": {
      "item": 17, 
      "order": 10, 
      "value": "Not Currently Available", 
      "title": "Coasters"
   }
},
{
   "pk": 94, 
   "model": "gallery.galleryitemmodifier", 
   "fields": {
      "item": 17, 
      "order": 10, 
      "value": "Not Currently Available", 
      "title": "Trivets"
   }
},
{
   "pk": 95, 
   "model": "gallery.galleryitemmodifier", 
   "fields": {
      "item": 17, 
      "order": 10, 
      "value": "Not Currently Available", 
      "title": "Digital Print"
   }
},
{
   "pk": 96, 
   "model": "gallery.galleryitemmodifier", 
   "fields": {
      "item": 13, 
      "order": 10, 
      "value": "11\" x 14\"", 
      "title": "Size of Art"
   }
},
{
   "pk": 97, 
   "model": "gallery.galleryitemmodifier", 
   "fields": {
      "item": 13, 
      "order": 10, 
      "value": "11\" x 14\"", 
      "title": "Framed Size"
   }
},
{
   "pk": 98, 
   "model": "gallery.galleryitemmodifier", 
   "fields": {
      "item": 13, 
      "order": 10, 
      "value": "Sold", 
      "title": "Original"
   }
},
{
   "pk": 99, 
   "model": "gallery.galleryitemmodifier", 
   "fields": {
      "item": 13, 
      "order": 10, 
      "value": "Not Currently Available", 
      "title": "Coasters"
   }
},
{
   "pk": 100, 
   "model": "gallery.galleryitemmodifier", 
   "fields": {
      "item": 13, 
      "order": 10, 
      "value": "Not Currently Available", 
      "title": "Trivets"
   }
},
{
   "pk": 101, 
   "model": "gallery.galleryitemmodifier", 
   "fields": {
      "item": 13, 
      "order": 10, 
      "value": "8\" x 10\" available", 
      "title": "Digital Print"
   }
},
{
   "pk": 1, 
   "model": "auth.permission", 
   "fields": {
      "codename": "add_permission", 
      "name": "Can add permission", 
      "content_type": 1
   }
},
{
   "pk": 2, 
   "model": "auth.permission", 
   "fields": {
      "codename": "change_permission", 
      "name": "Can change permission", 
      "content_type": 1
   }
},
{
   "pk": 3, 
   "model": "auth.permission", 
   "fields": {
      "codename": "delete_permission", 
      "name": "Can delete permission", 
      "content_type": 1
   }
},
{
   "pk": 4, 
   "model": "auth.permission", 
   "fields": {
      "codename": "add_group", 
      "name": "Can add group", 
      "content_type": 2
   }
},
{
   "pk": 5, 
   "model": "auth.permission", 
   "fields": {
      "codename": "change_group", 
      "name": "Can change group", 
      "content_type": 2
   }
},
{
   "pk": 6, 
   "model": "auth.permission", 
   "fields": {
      "codename": "delete_group", 
      "name": "Can delete group", 
      "content_type": 2
   }
},
{
   "pk": 7, 
   "model": "auth.permission", 
   "fields": {
      "codename": "add_user", 
      "name": "Can add user", 
      "content_type": 3
   }
},
{
   "pk": 8, 
   "model": "auth.permission", 
   "fields": {
      "codename": "change_user", 
      "name": "Can change user", 
      "content_type": 3
   }
},
{
   "pk": 9, 
   "model": "auth.permission", 
   "fields": {
      "codename": "delete_user", 
      "name": "Can delete user", 
      "content_type": 3
   }
},
{
   "pk": 10, 
   "model": "auth.permission", 
   "fields": {
      "codename": "add_contenttype", 
      "name": "Can add content type", 
      "content_type": 4
   }
},
{
   "pk": 11, 
   "model": "auth.permission", 
   "fields": {
      "codename": "change_contenttype", 
      "name": "Can change content type", 
      "content_type": 4
   }
},
{
   "pk": 12, 
   "model": "auth.permission", 
   "fields": {
      "codename": "delete_contenttype", 
      "name": "Can delete content type", 
      "content_type": 4
   }
},
{
   "pk": 13, 
   "model": "auth.permission", 
   "fields": {
      "codename": "add_session", 
      "name": "Can add session", 
      "content_type": 5
   }
},
{
   "pk": 14, 
   "model": "auth.permission", 
   "fields": {
      "codename": "change_session", 
      "name": "Can change session", 
      "content_type": 5
   }
},
{
   "pk": 15, 
   "model": "auth.permission", 
   "fields": {
      "codename": "delete_session", 
      "name": "Can delete session", 
      "content_type": 5
   }
},
{
   "pk": 16, 
   "model": "auth.permission", 
   "fields": {
      "codename": "add_site", 
      "name": "Can add site", 
      "content_type": 6
   }
},
{
   "pk": 17, 
   "model": "auth.permission", 
   "fields": {
      "codename": "change_site", 
      "name": "Can change site", 
      "content_type": 6
   }
},
{
   "pk": 18, 
   "model": "auth.permission", 
   "fields": {
      "codename": "delete_site", 
      "name": "Can delete site", 
      "content_type": 6
   }
},
{
   "pk": 19, 
   "model": "auth.permission", 
   "fields": {
      "codename": "add_logentry", 
      "name": "Can add log entry", 
      "content_type": 7
   }
},
{
   "pk": 20, 
   "model": "auth.permission", 
   "fields": {
      "codename": "change_logentry", 
      "name": "Can change log entry", 
      "content_type": 7
   }
},
{
   "pk": 21, 
   "model": "auth.permission", 
   "fields": {
      "codename": "delete_logentry", 
      "name": "Can delete log entry", 
      "content_type": 7
   }
},
{
   "pk": 22, 
   "model": "auth.permission", 
   "fields": {
      "codename": "add_gallerycategory", 
      "name": "Can add gallery category", 
      "content_type": 8
   }
},
{
   "pk": 23, 
   "model": "auth.permission", 
   "fields": {
      "codename": "change_gallerycategory", 
      "name": "Can change gallery category", 
      "content_type": 8
   }
},
{
   "pk": 24, 
   "model": "auth.permission", 
   "fields": {
      "codename": "delete_gallerycategory", 
      "name": "Can delete gallery category", 
      "content_type": 8
   }
},
{
   "pk": 25, 
   "model": "auth.permission", 
   "fields": {
      "codename": "add_galleryitem", 
      "name": "Can add gallery item", 
      "content_type": 9
   }
},
{
   "pk": 26, 
   "model": "auth.permission", 
   "fields": {
      "codename": "change_galleryitem", 
      "name": "Can change gallery item", 
      "content_type": 9
   }
},
{
   "pk": 27, 
   "model": "auth.permission", 
   "fields": {
      "codename": "delete_galleryitem", 
      "name": "Can delete gallery item", 
      "content_type": 9
   }
},
{
   "pk": 28, 
   "model": "auth.permission", 
   "fields": {
      "codename": "add_galleryitemmodifier", 
      "name": "Can add gallery item modifier", 
      "content_type": 10
   }
},
{
   "pk": 29, 
   "model": "auth.permission", 
   "fields": {
      "codename": "change_galleryitemmodifier", 
      "name": "Can change gallery item modifier", 
      "content_type": 10
   }
},
{
   "pk": 30, 
   "model": "auth.permission", 
   "fields": {
      "codename": "delete_galleryitemmodifier", 
      "name": "Can delete gallery item modifier", 
      "content_type": 10
   }
},
{
   "pk": 1, 
   "model": "auth.user", 
   "fields": {
      "username": "arron", 
      "first_name": "", 
      "last_name": "", 
      "is_active": true, 
      "is_superuser": true, 
      "is_staff": true, 
      "last_login": "2013-05-21T17:28:11.426Z", 
      "groups": [], 
      "user_permissions": [], 
      "password": "pbkdf2_sha256$10000$ckr0TaOhXusf$sjudH7UrFK/ACfJM5250kCovQqoOKG+4+QWbbG/k9E0=", 
      "email": "arrong@gmail.com", 
      "date_joined": "2013-05-20T00:02:40.006Z"
   }
},
{
   "pk": 1, 
   "model": "admin.logentry", 
   "fields": {
      "action_flag": 1, 
      "action_time": "2013-05-20T00:03:50.670Z", 
      "object_repr": "GalleryCategory object", 
      "object_id": "1", 
      "change_message": "", 
      "user": 1, 
      "content_type": 8
   }
},
{
   "pk": 2, 
   "model": "admin.logentry", 
   "fields": {
      "action_flag": 1, 
      "action_time": "2013-05-20T00:04:02.853Z", 
      "object_repr": "GalleryCategory object", 
      "object_id": "2", 
      "change_message": "", 
      "user": 1, 
      "content_type": 8
   }
},
{
   "pk": 3, 
   "model": "admin.logentry", 
   "fields": {
      "action_flag": 1, 
      "action_time": "2013-05-20T00:04:16.577Z", 
      "object_repr": "GalleryCategory object", 
      "object_id": "3", 
      "change_message": "", 
      "user": 1, 
      "content_type": 8
   }
},
{
   "pk": 4, 
   "model": "admin.logentry", 
   "fields": {
      "action_flag": 1, 
      "action_time": "2013-05-20T00:10:59.939Z", 
      "object_repr": "A winter landscape", 
      "object_id": "1", 
      "change_message": "", 
      "user": 1, 
      "content_type": 9
   }
},
{
   "pk": 5, 
   "model": "admin.logentry", 
   "fields": {
      "action_flag": 1, 
      "action_time": "2013-05-20T00:12:09.139Z", 
      "object_repr": "Size of Art=11\" x 14\"", 
      "object_id": "1", 
      "change_message": "", 
      "user": 1, 
      "content_type": 10
   }
},
{
   "pk": 6, 
   "model": "admin.logentry", 
   "fields": {
      "action_flag": 1, 
      "action_time": "2013-05-20T00:12:31.334Z", 
      "object_repr": "Framed Size=16\" x 20\"", 
      "object_id": "2", 
      "change_message": "", 
      "user": 1, 
      "content_type": 10
   }
},
{
   "pk": 7, 
   "model": "admin.logentry", 
   "fields": {
      "action_flag": 1, 
      "action_time": "2013-05-20T00:13:02.063Z", 
      "object_repr": "Original=Yes", 
      "object_id": "3", 
      "change_message": "", 
      "user": 1, 
      "content_type": 10
   }
},
{
   "pk": 8, 
   "model": "admin.logentry", 
   "fields": {
      "action_flag": 1, 
      "action_time": "2013-05-20T00:13:18.017Z", 
      "object_repr": "Price=$195", 
      "object_id": "4", 
      "change_message": "", 
      "user": 1, 
      "content_type": 10
   }
},
{
   "pk": 9, 
   "model": "admin.logentry", 
   "fields": {
      "action_flag": 1, 
      "action_time": "2013-05-20T01:01:04.492Z", 
      "object_repr": "Golden Sunset", 
      "object_id": "2", 
      "change_message": "", 
      "user": 1, 
      "content_type": 9
   }
},
{
   "pk": 10, 
   "model": "admin.logentry", 
   "fields": {
      "action_flag": 1, 
      "action_time": "2013-05-20T01:01:58.865Z", 
      "object_repr": "My Mother's Day Garden", 
      "object_id": "3", 
      "change_message": "", 
      "user": 1, 
      "content_type": 9
   }
},
{
   "pk": 11, 
   "model": "admin.logentry", 
   "fields": {
      "action_flag": 1, 
      "action_time": "2013-05-20T01:02:35.402Z", 
      "object_repr": "Memories Past", 
      "object_id": "4", 
      "change_message": "", 
      "user": 1, 
      "content_type": 9
   }
},
{
   "pk": 12, 
   "model": "admin.logentry", 
   "fields": {
      "action_flag": 1, 
      "action_time": "2013-05-20T01:04:23.868Z", 
      "object_repr": "Regal Rooster", 
      "object_id": "5", 
      "change_message": "", 
      "user": 1, 
      "content_type": 9
   }
},
{
   "pk": 13, 
   "model": "admin.logentry", 
   "fields": {
      "action_flag": 1, 
      "action_time": "2013-05-20T01:05:11.868Z", 
      "object_repr": "Enchanted Garden", 
      "object_id": "6", 
      "change_message": "", 
      "user": 1, 
      "content_type": 9
   }
},
{
   "pk": 14, 
   "model": "admin.logentry", 
   "fields": {
      "action_flag": 1, 
      "action_time": "2013-05-20T01:06:03.754Z", 
      "object_repr": "Autumn Splender", 
      "object_id": "7", 
      "change_message": "", 
      "user": 1, 
      "content_type": 9
   }
},
{
   "pk": 15, 
   "model": "admin.logentry", 
   "fields": {
      "action_flag": 1, 
      "action_time": "2013-05-20T01:06:31.643Z", 
      "object_repr": "Summer Birch Trees", 
      "object_id": "8", 
      "change_message": "", 
      "user": 1, 
      "content_type": 9
   }
},
{
   "pk": 16, 
   "model": "admin.logentry", 
   "fields": {
      "action_flag": 1, 
      "action_time": "2013-05-20T01:07:22.289Z", 
      "object_repr": "Tropical Garden", 
      "object_id": "9", 
      "change_message": "", 
      "user": 1, 
      "content_type": 9
   }
},
{
   "pk": 17, 
   "model": "admin.logentry", 
   "fields": {
      "action_flag": 1, 
      "action_time": "2013-05-20T01:58:03.714Z", 
      "object_repr": "Fall Wagon of Flowers", 
      "object_id": "10", 
      "change_message": "", 
      "user": 1, 
      "content_type": 9
   }
},
{
   "pk": 18, 
   "model": "admin.logentry", 
   "fields": {
      "action_flag": 1, 
      "action_time": "2013-05-20T01:58:27.153Z", 
      "object_repr": "Behhive Basket", 
      "object_id": "11", 
      "change_message": "", 
      "user": 1, 
      "content_type": 9
   }
},
{
   "pk": 19, 
   "model": "admin.logentry", 
   "fields": {
      "action_flag": 1, 
      "action_time": "2013-05-20T01:58:57.686Z", 
      "object_repr": "Wheelbarrow", 
      "object_id": "12", 
      "change_message": "", 
      "user": 1, 
      "content_type": 9
   }
},
{
   "pk": 20, 
   "model": "admin.logentry", 
   "fields": {
      "action_flag": 1, 
      "action_time": "2013-05-20T01:59:56.533Z", 
      "object_repr": "Magnolia and Lace", 
      "object_id": "13", 
      "change_message": "", 
      "user": 1, 
      "content_type": 9
   }
},
{
   "pk": 21, 
   "model": "admin.logentry", 
   "fields": {
      "action_flag": 1, 
      "action_time": "2013-05-20T02:00:27.665Z", 
      "object_repr": "Glorious Daffodils", 
      "object_id": "14", 
      "change_message": "", 
      "user": 1, 
      "content_type": 9
   }
},
{
   "pk": 22, 
   "model": "admin.logentry", 
   "fields": {
      "action_flag": 1, 
      "action_time": "2013-05-20T02:00:55.989Z", 
      "object_repr": "Follow the Light", 
      "object_id": "15", 
      "change_message": "", 
      "user": 1, 
      "content_type": 9
   }
},
{
   "pk": 23, 
   "model": "admin.logentry", 
   "fields": {
      "action_flag": 1, 
      "action_time": "2013-05-20T02:01:28.617Z", 
      "object_repr": "Nature's Dance", 
      "object_id": "16", 
      "change_message": "", 
      "user": 1, 
      "content_type": 9
   }
},
{
   "pk": 24, 
   "model": "admin.logentry", 
   "fields": {
      "action_flag": 1, 
      "action_time": "2013-05-20T02:01:56.101Z", 
      "object_repr": "Garden Visitor", 
      "object_id": "17", 
      "change_message": "", 
      "user": 1, 
      "content_type": 9
   }
},
{
   "pk": 25, 
   "model": "admin.logentry", 
   "fields": {
      "action_flag": 1, 
      "action_time": "2013-05-20T02:14:43.099Z", 
      "object_repr": "test cat", 
      "object_id": "4", 
      "change_message": "", 
      "user": 1, 
      "content_type": 8
   }
},
{
   "pk": 26, 
   "model": "admin.logentry", 
   "fields": {
      "action_flag": 3, 
      "action_time": "2013-05-20T02:17:20.828Z", 
      "object_repr": "test cat", 
      "object_id": "4", 
      "change_message": "", 
      "user": 1, 
      "content_type": 8
   }
},
{
   "pk": 27, 
   "model": "admin.logentry", 
   "fields": {
      "action_flag": 1, 
      "action_time": "2013-05-20T02:18:37.761Z", 
      "object_repr": "test", 
      "object_id": "4", 
      "change_message": "", 
      "user": 1, 
      "content_type": 8
   }
},
{
   "pk": 28, 
   "model": "admin.logentry", 
   "fields": {
      "action_flag": 3, 
      "action_time": "2013-05-20T02:19:45.515Z", 
      "object_repr": "test", 
      "object_id": "4", 
      "change_message": "", 
      "user": 1, 
      "content_type": 8
   }
},
{
   "pk": 29, 
   "model": "admin.logentry", 
   "fields": {
      "action_flag": 1, 
      "action_time": "2013-05-20T03:10:50.402Z", 
      "object_repr": "(Golden Sunset): test=value", 
      "object_id": "5", 
      "change_message": "", 
      "user": 1, 
      "content_type": 10
   }
},
{
   "pk": 30, 
   "model": "admin.logentry", 
   "fields": {
      "action_flag": 2, 
      "action_time": "2013-05-20T04:34:35.104Z", 
      "object_repr": "(A winter landscape): Price=$265.oo", 
      "object_id": "4", 
      "change_message": "Changed value.", 
      "user": 1, 
      "content_type": 10
   }
},
{
   "pk": 31, 
   "model": "admin.logentry", 
   "fields": {
      "action_flag": 2, 
      "action_time": "2013-05-20T04:36:24.049Z", 
      "object_repr": "(A winter landscape): Size of Art=11\" x 14\"", 
      "object_id": "1", 
      "change_message": "No fields changed.", 
      "user": 1, 
      "content_type": 10
   }
},
{
   "pk": 32, 
   "model": "admin.logentry", 
   "fields": {
      "action_flag": 2, 
      "action_time": "2013-05-20T04:39:08.198Z", 
      "object_repr": "(A winter landscape): Original=is available", 
      "object_id": "3", 
      "change_message": "Changed value.", 
      "user": 1, 
      "content_type": 10
   }
},
{
   "pk": 33, 
   "model": "admin.logentry", 
   "fields": {
      "action_flag": 1, 
      "action_time": "2013-05-20T04:39:57.855Z", 
      "object_repr": "(A winter landscape): Coasters =Are Available", 
      "object_id": "6", 
      "change_message": "", 
      "user": 1, 
      "content_type": 10
   }
},
{
   "pk": 34, 
   "model": "admin.logentry", 
   "fields": {
      "action_flag": 1, 
      "action_time": "2013-05-20T04:40:25.705Z", 
      "object_repr": "(A winter landscape): Trivets=Are Available", 
      "object_id": "7", 
      "change_message": "", 
      "user": 1, 
      "content_type": 10
   }
},
{
   "pk": 35, 
   "model": "admin.logentry", 
   "fields": {
      "action_flag": 2, 
      "action_time": "2013-05-21T17:40:47.157Z", 
      "object_repr": "(A winter landscape): Price=$265.00", 
      "object_id": "4", 
      "change_message": "Changed value.", 
      "user": 1, 
      "content_type": 10
   }
},
{
   "pk": 36, 
   "model": "admin.logentry", 
   "fields": {
      "action_flag": 2, 
      "action_time": "2013-05-21T17:41:53.821Z", 
      "object_repr": "(A winter landscape): Original=is available - $265.00", 
      "object_id": "4", 
      "change_message": "Changed title and value.", 
      "user": 1, 
      "content_type": 10
   }
},
{
   "pk": 37, 
   "model": "admin.logentry", 
   "fields": {
      "action_flag": 2, 
      "action_time": "2013-05-21T17:42:42.578Z", 
      "object_repr": "(A winter landscape): Digital Print=11\" x 14\" is available", 
      "object_id": "3", 
      "change_message": "Changed title and value.", 
      "user": 1, 
      "content_type": 10
   }
},
{
   "pk": 38, 
   "model": "admin.logentry", 
   "fields": {
      "action_flag": 3, 
      "action_time": "2013-05-21T17:45:08.770Z", 
      "object_repr": "(A winter landscape): Digital Print=11\" x 14\" is available", 
      "object_id": "3", 
      "change_message": "", 
      "user": 1, 
      "content_type": 10
   }
},
{
   "pk": 39, 
   "model": "admin.logentry", 
   "fields": {
      "action_flag": 1, 
      "action_time": "2013-05-21T17:48:27.793Z", 
      "object_repr": "(A winter landscape): Digital Print=11\" x 14\" is available", 
      "object_id": "8", 
      "change_message": "", 
      "user": 1, 
      "content_type": 10
   }
},
{
   "pk": 40, 
   "model": "admin.logentry", 
   "fields": {
      "action_flag": 1, 
      "action_time": "2013-05-21T17:49:26.464Z", 
      "object_repr": "(Golden Sunset): Size of Art=11\" x 14\"", 
      "object_id": "9", 
      "change_message": "", 
      "user": 1, 
      "content_type": 10
   }
},
{
   "pk": 41, 
   "model": "admin.logentry", 
   "fields": {
      "action_flag": 1, 
      "action_time": "2013-05-21T17:49:45.112Z", 
      "object_repr": "(Golden Sunset): Framed Size=11\" x 14\"", 
      "object_id": "10", 
      "change_message": "", 
      "user": 1, 
      "content_type": 10
   }
},
{
   "pk": 42, 
   "model": "admin.logentry", 
   "fields": {
      "action_flag": 1, 
      "action_time": "2013-05-21T17:50:21.442Z", 
      "object_repr": "(Golden Sunset): Original=is available - $195.00", 
      "object_id": "11", 
      "change_message": "", 
      "user": 1, 
      "content_type": 10
   }
},
{
   "pk": 43, 
   "model": "admin.logentry", 
   "fields": {
      "action_flag": 1, 
      "action_time": "2013-05-21T17:50:53.009Z", 
      "object_repr": "(Golden Sunset): Digital Print=11\" x 14\" is available", 
      "object_id": "12", 
      "change_message": "", 
      "user": 1, 
      "content_type": 10
   }
},
{
   "pk": 44, 
   "model": "admin.logentry", 
   "fields": {
      "action_flag": 1, 
      "action_time": "2013-05-21T17:51:44.276Z", 
      "object_repr": "(Golden Sunset): Trivets=Can be Special Ordered", 
      "object_id": "13", 
      "change_message": "", 
      "user": 1, 
      "content_type": 10
   }
},
{
   "pk": 45, 
   "model": "admin.logentry", 
   "fields": {
      "action_flag": 1, 
      "action_time": "2013-05-21T17:52:20.112Z", 
      "object_repr": "(Golden Sunset): Coasters=Can be Special Ordered", 
      "object_id": "14", 
      "change_message": "", 
      "user": 1, 
      "content_type": 10
   }
},
{
   "pk": 46, 
   "model": "admin.logentry", 
   "fields": {
      "action_flag": 1, 
      "action_time": "2013-05-21T17:53:07.347Z", 
      "object_repr": "(Summer Birch Trees): Size of Art=8\" x 10\"", 
      "object_id": "15", 
      "change_message": "", 
      "user": 1, 
      "content_type": 10
   }
},
{
   "pk": 47, 
   "model": "admin.logentry", 
   "fields": {
      "action_flag": 1, 
      "action_time": "2013-05-21T17:53:38.069Z", 
      "object_repr": "(Summer Birch Trees): Framed Size=11\" x 14\"", 
      "object_id": "16", 
      "change_message": "", 
      "user": 1, 
      "content_type": 10
   }
},
{
   "pk": 48, 
   "model": "admin.logentry", 
   "fields": {
      "action_flag": 1, 
      "action_time": "2013-05-21T17:54:08.120Z", 
      "object_repr": "(Summer Birch Trees): Original=Is available - $165.00", 
      "object_id": "17", 
      "change_message": "", 
      "user": 1, 
      "content_type": 10
   }
},
{
   "pk": 49, 
   "model": "admin.logentry", 
   "fields": {
      "action_flag": 1, 
      "action_time": "2013-05-21T17:55:02.605Z", 
      "object_repr": "(Summer Birch Trees): Coasters=Available Special Order", 
      "object_id": "18", 
      "change_message": "", 
      "user": 1, 
      "content_type": 10
   }
},
{
   "pk": 50, 
   "model": "admin.logentry", 
   "fields": {
      "action_flag": 1, 
      "action_time": "2013-05-21T17:55:36.803Z", 
      "object_repr": "(Summer Birch Trees): Trivets=Not Available", 
      "object_id": "19", 
      "change_message": "", 
      "user": 1, 
      "content_type": 10
   }
},
{
   "pk": 51, 
   "model": "admin.logentry", 
   "fields": {
      "action_flag": 2, 
      "action_time": "2013-05-21T17:58:52.228Z", 
      "object_repr": "(A winter landscape): Trivets=Available Special Order", 
      "object_id": "7", 
      "change_message": "Changed value.", 
      "user": 1, 
      "content_type": 10
   }
},
{
   "pk": 52, 
   "model": "admin.logentry", 
   "fields": {
      "action_flag": 2, 
      "action_time": "2013-05-21T18:00:38.752Z", 
      "object_repr": "(A winter landscape): Coasters =Not Currently Available", 
      "object_id": "6", 
      "change_message": "Changed value and order.", 
      "user": 1, 
      "content_type": 10
   }
},
{
   "pk": 53, 
   "model": "admin.logentry", 
   "fields": {
      "action_flag": 3, 
      "action_time": "2013-05-21T18:02:48.563Z", 
      "object_repr": "(Golden Sunset): test=value", 
      "object_id": "5", 
      "change_message": "", 
      "user": 1, 
      "content_type": 10
   }
},
{
   "pk": 54, 
   "model": "admin.logentry", 
   "fields": {
      "action_flag": 1, 
      "action_time": "2013-05-21T18:06:14.298Z", 
      "object_repr": "(Summer Birch Trees): Digital Print=8\" x 10\" available", 
      "object_id": "20", 
      "change_message": "", 
      "user": 1, 
      "content_type": 10
   }
},
{
   "pk": 55, 
   "model": "admin.logentry", 
   "fields": {
      "action_flag": 1, 
      "action_time": "2013-05-21T18:09:57.721Z", 
      "object_repr": "(Nature's Dance): Size of Art=11\" x 14\"", 
      "object_id": "21", 
      "change_message": "", 
      "user": 1, 
      "content_type": 10
   }
},
{
   "pk": 56, 
   "model": "admin.logentry", 
   "fields": {
      "action_flag": 1, 
      "action_time": "2013-05-21T18:10:15.580Z", 
      "object_repr": "(Nature's Dance): Framed Size=11\" x 14\"", 
      "object_id": "22", 
      "change_message": "", 
      "user": 1, 
      "content_type": 10
   }
},
{
   "pk": 57, 
   "model": "admin.logentry", 
   "fields": {
      "action_flag": 1, 
      "action_time": "2013-05-21T18:10:55.227Z", 
      "object_repr": "(Nature's Dance): Original=Is available - $85.00", 
      "object_id": "23", 
      "change_message": "", 
      "user": 1, 
      "content_type": 10
   }
},
{
   "pk": 58, 
   "model": "admin.logentry", 
   "fields": {
      "action_flag": 1, 
      "action_time": "2013-05-21T18:11:41.864Z", 
      "object_repr": "(Nature's Dance): Digital Print=Are Available", 
      "object_id": "24", 
      "change_message": "", 
      "user": 1, 
      "content_type": 10
   }
},
{
   "pk": 59, 
   "model": "admin.logentry", 
   "fields": {
      "action_flag": 1, 
      "action_time": "2013-05-21T18:14:45.948Z", 
      "object_repr": "(My Mother's Day Garden): Size of Art=11\" x 14\"", 
      "object_id": "25", 
      "change_message": "", 
      "user": 1, 
      "content_type": 10
   }
},
{
   "pk": 60, 
   "model": "admin.logentry", 
   "fields": {
      "action_flag": 1, 
      "action_time": "2013-05-21T18:23:31.641Z", 
      "object_repr": "(My Mother's Day Garden): Size of Art=11\" x 14\"", 
      "object_id": "26", 
      "change_message": "", 
      "user": 1, 
      "content_type": 10
   }
},
{
   "pk": 61, 
   "model": "admin.logentry", 
   "fields": {
      "action_flag": 1, 
      "action_time": "2013-05-21T18:24:08.352Z", 
      "object_repr": "(My Mother's Day Garden): Original=is not available", 
      "object_id": "27", 
      "change_message": "", 
      "user": 1, 
      "content_type": 10
   }
},
{
   "pk": 62, 
   "model": "admin.logentry", 
   "fields": {
      "action_flag": 1, 
      "action_time": "2013-05-21T18:24:28.397Z", 
      "object_repr": "(My Mother's Day Garden): Coasters=Are Available", 
      "object_id": "28", 
      "change_message": "", 
      "user": 1, 
      "content_type": 10
   }
},
{
   "pk": 63, 
   "model": "admin.logentry", 
   "fields": {
      "action_flag": 1, 
      "action_time": "2013-05-21T18:24:43.961Z", 
      "object_repr": "(My Mother's Day Garden): Trivets=Are Available", 
      "object_id": "29", 
      "change_message": "", 
      "user": 1, 
      "content_type": 10
   }
},
{
   "pk": 64, 
   "model": "admin.logentry", 
   "fields": {
      "action_flag": 1, 
      "action_time": "2013-05-21T18:25:05.282Z", 
      "object_repr": "(My Mother's Day Garden): Digital Print=11\" x 14\" is available", 
      "object_id": "30", 
      "change_message": "", 
      "user": 1, 
      "content_type": 10
   }
},
{
   "pk": 65, 
   "model": "admin.logentry", 
   "fields": {
      "action_flag": 1, 
      "action_time": "2013-05-21T18:27:13.791Z", 
      "object_repr": "(Memories Past): Size of Art=11\" x 14\"", 
      "object_id": "31", 
      "change_message": "", 
      "user": 1, 
      "content_type": 10
   }
},
{
   "pk": 66, 
   "model": "admin.logentry", 
   "fields": {
      "action_flag": 1, 
      "action_time": "2013-05-21T18:27:29.740Z", 
      "object_repr": "(Memories Past): Original=is not available", 
      "object_id": "32", 
      "change_message": "", 
      "user": 1, 
      "content_type": 10
   }
},
{
   "pk": 67, 
   "model": "admin.logentry", 
   "fields": {
      "action_flag": 1, 
      "action_time": "2013-05-21T18:27:52.596Z", 
      "object_repr": "(Memories Past): Coasters=Are Available", 
      "object_id": "33", 
      "change_message": "", 
      "user": 1, 
      "content_type": 10
   }
},
{
   "pk": 68, 
   "model": "admin.logentry", 
   "fields": {
      "action_flag": 1, 
      "action_time": "2013-05-21T18:28:09.712Z", 
      "object_repr": "(Memories Past): Trivets=Are Available", 
      "object_id": "34", 
      "change_message": "", 
      "user": 1, 
      "content_type": 10
   }
},
{
   "pk": 69, 
   "model": "admin.logentry", 
   "fields": {
      "action_flag": 1, 
      "action_time": "2013-05-21T18:28:31.208Z", 
      "object_repr": "(Memories Past): Digital Print=11\" x 14\" is available", 
      "object_id": "35", 
      "change_message": "", 
      "user": 1, 
      "content_type": 10
   }
},
{
   "pk": 70, 
   "model": "admin.logentry", 
   "fields": {
      "action_flag": 2, 
      "action_time": "2013-05-21T18:29:51.233Z", 
      "object_repr": "(Memories Past): Trivets=Available", 
      "object_id": "34", 
      "change_message": "Changed value.", 
      "user": 1, 
      "content_type": 10
   }
},
{
   "pk": 71, 
   "model": "admin.logentry", 
   "fields": {
      "action_flag": 2, 
      "action_time": "2013-05-21T18:30:02.028Z", 
      "object_repr": "(Memories Past): Coasters=Available", 
      "object_id": "33", 
      "change_message": "Changed value.", 
      "user": 1, 
      "content_type": 10
   }
},
{
   "pk": 72, 
   "model": "admin.logentry", 
   "fields": {
      "action_flag": 2, 
      "action_time": "2013-05-21T18:30:15.356Z", 
      "object_repr": "(Memories Past): Original=Sold", 
      "object_id": "32", 
      "change_message": "Changed value.", 
      "user": 1, 
      "content_type": 10
   }
},
{
   "pk": 73, 
   "model": "admin.logentry", 
   "fields": {
      "action_flag": 2, 
      "action_time": "2013-05-21T18:30:30.893Z", 
      "object_repr": "(My Mother's Day Garden): Trivets=Available", 
      "object_id": "29", 
      "change_message": "Changed value.", 
      "user": 1, 
      "content_type": 10
   }
},
{
   "pk": 74, 
   "model": "admin.logentry", 
   "fields": {
      "action_flag": 2, 
      "action_time": "2013-05-21T18:31:01.771Z", 
      "object_repr": "(My Mother's Day Garden): Coasters=Available", 
      "object_id": "28", 
      "change_message": "Changed value.", 
      "user": 1, 
      "content_type": 10
   }
},
{
   "pk": 75, 
   "model": "admin.logentry", 
   "fields": {
      "action_flag": 2, 
      "action_time": "2013-05-21T18:31:17.742Z", 
      "object_repr": "(My Mother's Day Garden): Original=Sold", 
      "object_id": "27", 
      "change_message": "Changed value.", 
      "user": 1, 
      "content_type": 10
   }
},
{
   "pk": 76, 
   "model": "admin.logentry", 
   "fields": {
      "action_flag": 2, 
      "action_time": "2013-05-21T18:31:53.866Z", 
      "object_repr": "(Nature's Dance): Digital Print=11\" x 14\" is available", 
      "object_id": "24", 
      "change_message": "Changed value.", 
      "user": 1, 
      "content_type": 10
   }
},
{
   "pk": 77, 
   "model": "admin.logentry", 
   "fields": {
      "action_flag": 2, 
      "action_time": "2013-05-21T18:32:41.999Z", 
      "object_repr": "(Summer Birch Trees): Trivets=Available Special Order", 
      "object_id": "19", 
      "change_message": "Changed value.", 
      "user": 1, 
      "content_type": 10
   }
},
{
   "pk": 78, 
   "model": "admin.logentry", 
   "fields": {
      "action_flag": 2, 
      "action_time": "2013-05-21T18:33:21.901Z", 
      "object_repr": "(Golden Sunset): Coasters=Available Special Order", 
      "object_id": "14", 
      "change_message": "Changed value.", 
      "user": 1, 
      "content_type": 10
   }
},
{
   "pk": 79, 
   "model": "admin.logentry", 
   "fields": {
      "action_flag": 2, 
      "action_time": "2013-05-21T18:33:44.448Z", 
      "object_repr": "(Golden Sunset): Trivets=Available Special Order", 
      "object_id": "13", 
      "change_message": "Changed value.", 
      "user": 1, 
      "content_type": 10
   }
},
{
   "pk": 80, 
   "model": "admin.logentry", 
   "fields": {
      "action_flag": 1, 
      "action_time": "2013-05-21T18:39:52.372Z", 
      "object_repr": "(Enchanted Garden): Size of Art=11\" x 14\"", 
      "object_id": "36", 
      "change_message": "", 
      "user": 1, 
      "content_type": 10
   }
},
{
   "pk": 81, 
   "model": "admin.logentry", 
   "fields": {
      "action_flag": 1, 
      "action_time": "2013-05-21T18:40:11.310Z", 
      "object_repr": "(Enchanted Garden): Original=Sold", 
      "object_id": "37", 
      "change_message": "", 
      "user": 1, 
      "content_type": 10
   }
},
{
   "pk": 82, 
   "model": "admin.logentry", 
   "fields": {
      "action_flag": 1, 
      "action_time": "2013-05-21T18:41:06.995Z", 
      "object_repr": "(Enchanted Garden): Digital Print=11\" x 14\" is available", 
      "object_id": "38", 
      "change_message": "", 
      "user": 1, 
      "content_type": 10
   }
},
{
   "pk": 83, 
   "model": "admin.logentry", 
   "fields": {
      "action_flag": 1, 
      "action_time": "2013-05-21T18:41:39.723Z", 
      "object_repr": "(Regal Rooster): Size of Art=11\" x 14\"", 
      "object_id": "39", 
      "change_message": "", 
      "user": 1, 
      "content_type": 10
   }
},
{
   "pk": 84, 
   "model": "admin.logentry", 
   "fields": {
      "action_flag": 1, 
      "action_time": "2013-05-21T18:41:59.225Z", 
      "object_repr": "(Regal Rooster): Framed Size=16\" x 20\"", 
      "object_id": "40", 
      "change_message": "", 
      "user": 1, 
      "content_type": 10
   }
},
{
   "pk": 85, 
   "model": "admin.logentry", 
   "fields": {
      "action_flag": 1, 
      "action_time": "2013-05-21T18:42:21.988Z", 
      "object_repr": "(Regal Rooster): Original=Is available - $165.00", 
      "object_id": "41", 
      "change_message": "", 
      "user": 1, 
      "content_type": 10
   }
},
{
   "pk": 86, 
   "model": "admin.logentry", 
   "fields": {
      "action_flag": 1, 
      "action_time": "2013-05-21T18:42:44.587Z", 
      "object_repr": "(Regal Rooster): Coasters=Available", 
      "object_id": "42", 
      "change_message": "", 
      "user": 1, 
      "content_type": 10
   }
},
{
   "pk": 87, 
   "model": "admin.logentry", 
   "fields": {
      "action_flag": 1, 
      "action_time": "2013-05-21T18:43:01.177Z", 
      "object_repr": "(Regal Rooster): Trivets=Available", 
      "object_id": "43", 
      "change_message": "", 
      "user": 1, 
      "content_type": 10
   }
},
{
   "pk": 88, 
   "model": "admin.logentry", 
   "fields": {
      "action_flag": 1, 
      "action_time": "2013-05-21T18:43:43.590Z", 
      "object_repr": "(Regal Rooster): Digital Print=11\" x 14\" is available", 
      "object_id": "44", 
      "change_message": "", 
      "user": 1, 
      "content_type": 10
   }
},
{
   "pk": 89, 
   "model": "admin.logentry", 
   "fields": {
      "action_flag": 1, 
      "action_time": "2013-05-21T18:45:59.774Z", 
      "object_repr": "(Autumn Splender): Size of Art=11\" x 14\"", 
      "object_id": "45", 
      "change_message": "", 
      "user": 1, 
      "content_type": 10
   }
},
{
   "pk": 90, 
   "model": "admin.logentry", 
   "fields": {
      "action_flag": 1, 
      "action_time": "2013-05-21T18:46:20.575Z", 
      "object_repr": "(Autumn Splender): Framed Size=16\" x 20\"", 
      "object_id": "46", 
      "change_message": "", 
      "user": 1, 
      "content_type": 10
   }
},
{
   "pk": 91, 
   "model": "admin.logentry", 
   "fields": {
      "action_flag": 1, 
      "action_time": "2013-05-21T18:47:01.471Z", 
      "object_repr": "(Autumn Splender): Original=Is available - $165.00", 
      "object_id": "47", 
      "change_message": "", 
      "user": 1, 
      "content_type": 10
   }
},
{
   "pk": 92, 
   "model": "admin.logentry", 
   "fields": {
      "action_flag": 2, 
      "action_time": "2013-05-21T18:47:58.003Z", 
      "object_repr": "(Landscapes): Mother's Day Garden", 
      "object_id": "3", 
      "change_message": "Changed title.", 
      "user": 1, 
      "content_type": 9
   }
},
{
   "pk": 93, 
   "model": "admin.logentry", 
   "fields": {
      "action_flag": 2, 
      "action_time": "2013-05-21T18:48:21.119Z", 
      "object_repr": "(Floral Arrangements): Beehive Basket", 
      "object_id": "11", 
      "change_message": "Changed title.", 
      "user": 1, 
      "content_type": 9
   }
},
{
   "pk": 94, 
   "model": "admin.logentry", 
   "fields": {
      "action_flag": 2, 
      "action_time": "2013-05-21T18:48:38.223Z", 
      "object_repr": "(Landscapes): Autumn Splendor", 
      "object_id": "7", 
      "change_message": "Changed title.", 
      "user": 1, 
      "content_type": 9
   }
},
{
   "pk": 95, 
   "model": "admin.logentry", 
   "fields": {
      "action_flag": 2, 
      "action_time": "2013-05-21T18:48:56.789Z", 
      "object_repr": "(Landscapes): A Winter Landscape", 
      "object_id": "1", 
      "change_message": "Changed title.", 
      "user": 1, 
      "content_type": 9
   }
},
{
   "pk": 96, 
   "model": "admin.logentry", 
   "fields": {
      "action_flag": 2, 
      "action_time": "2013-05-21T18:49:50.345Z", 
      "object_repr": "(Landscapes): Tropical Garden", 
      "object_id": "9", 
      "change_message": "No fields changed.", 
      "user": 1, 
      "content_type": 9
   }
},
{
   "pk": 97, 
   "model": "admin.logentry", 
   "fields": {
      "action_flag": 1, 
      "action_time": "2013-05-21T18:50:31.014Z", 
      "object_repr": "(Tropical Garden): Size of Art=11\" x 14\"", 
      "object_id": "48", 
      "change_message": "", 
      "user": 1, 
      "content_type": 10
   }
},
{
   "pk": 98, 
   "model": "admin.logentry", 
   "fields": {
      "action_flag": 1, 
      "action_time": "2013-05-21T18:50:58.234Z", 
      "object_repr": "(Tropical Garden): Original=Sold", 
      "object_id": "49", 
      "change_message": "", 
      "user": 1, 
      "content_type": 10
   }
},
{
   "pk": 99, 
   "model": "admin.logentry", 
   "fields": {
      "action_flag": 1, 
      "action_time": "2013-05-21T18:51:36.957Z", 
      "object_repr": "(Tropical Garden): Coasters=Available Special Order", 
      "object_id": "50", 
      "change_message": "", 
      "user": 1, 
      "content_type": 10
   }
},
{
   "pk": 100, 
   "model": "admin.logentry", 
   "fields": {
      "action_flag": 1, 
      "action_time": "2013-05-21T18:51:52.657Z", 
      "object_repr": "(Tropical Garden): Trivets=Available Special Order", 
      "object_id": "51", 
      "change_message": "", 
      "user": 1, 
      "content_type": 10
   }
},
{
   "pk": 101, 
   "model": "admin.logentry", 
   "fields": {
      "action_flag": 2, 
      "action_time": "2013-05-21T19:00:20.590Z", 
      "object_repr": "(Floral Arrangements): Fall Leaf Wagon of Flowers", 
      "object_id": "10", 
      "change_message": "Changed title.", 
      "user": 1, 
      "content_type": 9
   }
},
{
   "pk": 102, 
   "model": "admin.logentry", 
   "fields": {
      "action_flag": 1, 
      "action_time": "2013-05-21T19:05:53.000Z", 
      "object_repr": "(Fall Leaf Wagon of Flowers): Size of Art=11\" x 14\"", 
      "object_id": "52", 
      "change_message": "", 
      "user": 1, 
      "content_type": 10
   }
},
{
   "pk": 103, 
   "model": "admin.logentry", 
   "fields": {
      "action_flag": 1, 
      "action_time": "2013-05-21T19:31:31.802Z", 
      "object_repr": "(Fall Leaf Wagon of Flowers): Framed Size=11\" x 14\"", 
      "object_id": "53", 
      "change_message": "", 
      "user": 1, 
      "content_type": 10
   }
},
{
   "pk": 104, 
   "model": "admin.logentry", 
   "fields": {
      "action_flag": 1, 
      "action_time": "2013-05-21T19:32:52.575Z", 
      "object_repr": "(Fall Leaf Wagon of Flowers): Framed Size=11\" x 14\"", 
      "object_id": "54", 
      "change_message": "", 
      "user": 1, 
      "content_type": 10
   }
},
{
   "pk": 105, 
   "model": "admin.logentry", 
   "fields": {
      "action_flag": 2, 
      "action_time": "2013-05-21T19:33:49.761Z", 
      "object_repr": "(Floral Arrangements): Fall Leaf Wagon of Flowers", 
      "object_id": "10", 
      "change_message": "Changed description.", 
      "user": 1, 
      "content_type": 9
   }
},
{
   "pk": 106, 
   "model": "admin.logentry", 
   "fields": {
      "action_flag": 2, 
      "action_time": "2013-05-21T19:35:05.708Z", 
      "object_repr": "(Floral Arrangements): Fall Leaf Wagon of Flowers", 
      "object_id": "10", 
      "change_message": "Changed description.", 
      "user": 1, 
      "content_type": 9
   }
},
{
   "pk": 107, 
   "model": "admin.logentry", 
   "fields": {
      "action_flag": 2, 
      "action_time": "2013-05-21T19:35:50.713Z", 
      "object_repr": "(Fall Leaf Wagon of Flowers): Framed Size=8\" x 10\"", 
      "object_id": "53", 
      "change_message": "Changed value.", 
      "user": 1, 
      "content_type": 10
   }
},
{
   "pk": 108, 
   "model": "admin.logentry", 
   "fields": {
      "action_flag": 1, 
      "action_time": "2013-05-21T19:49:57.153Z", 
      "object_repr": "(Floral Arrangements): Orchid Birch Basket", 
      "object_id": "18", 
      "change_message": "", 
      "user": 1, 
      "content_type": 9
   }
},
{
   "pk": 109, 
   "model": "admin.logentry", 
   "fields": {
      "action_flag": 2, 
      "action_time": "2013-05-21T23:57:08.299Z", 
      "object_repr": "(Fall Leaf Wagon of Flowers): Size of Art=8\" x 10\"", 
      "object_id": "53", 
      "change_message": "Changed title.", 
      "user": 1, 
      "content_type": 10
   }
},
{
   "pk": 110, 
   "model": "admin.logentry", 
   "fields": {
      "action_flag": 1, 
      "action_time": "2013-05-22T00:01:19.963Z", 
      "object_repr": "(Fall Leaf Wagon of Flowers): Original=Is available - $75.00", 
      "object_id": "55", 
      "change_message": "", 
      "user": 1, 
      "content_type": 10
   }
},
{
   "pk": 111, 
   "model": "admin.logentry", 
   "fields": {
      "action_flag": 3, 
      "action_time": "2013-05-22T00:01:39.001Z", 
      "object_repr": "(Fall Leaf Wagon of Flowers): Size of Art=11\" x 14\"", 
      "object_id": "52", 
      "change_message": "", 
      "user": 1, 
      "content_type": 10
   }
},
{
   "pk": 112, 
   "model": "admin.logentry", 
   "fields": {
      "action_flag": 1, 
      "action_time": "2013-05-22T00:02:17.314Z", 
      "object_repr": "(Fall Leaf Wagon of Flowers): Coasters=Not Currently Available", 
      "object_id": "56", 
      "change_message": "", 
      "user": 1, 
      "content_type": 10
   }
},
{
   "pk": 113, 
   "model": "admin.logentry", 
   "fields": {
      "action_flag": 1, 
      "action_time": "2013-05-22T00:02:35.315Z", 
      "object_repr": "(Fall Leaf Wagon of Flowers): Trivets=Not Currently Available", 
      "object_id": "57", 
      "change_message": "", 
      "user": 1, 
      "content_type": 10
   }
},
{
   "pk": 114, 
   "model": "admin.logentry", 
   "fields": {
      "action_flag": 1, 
      "action_time": "2013-05-22T00:02:50.035Z", 
      "object_repr": "(Fall Leaf Wagon of Flowers): Digital Print=Not Currently Available", 
      "object_id": "58", 
      "change_message": "", 
      "user": 1, 
      "content_type": 10
   }
},
{
   "pk": 115, 
   "model": "admin.logentry", 
   "fields": {
      "action_flag": 1, 
      "action_time": "2013-05-22T00:05:59.221Z", 
      "object_repr": "(Orchid Birch Basket): Size of Art=11\" x 14\"", 
      "object_id": "59", 
      "change_message": "", 
      "user": 1, 
      "content_type": 10
   }
},
{
   "pk": 116, 
   "model": "admin.logentry", 
   "fields": {
      "action_flag": 1, 
      "action_time": "2013-05-22T00:06:21.579Z", 
      "object_repr": "(Orchid Birch Basket): Framed Size=11\" x 14\"", 
      "object_id": "60", 
      "change_message": "", 
      "user": 1, 
      "content_type": 10
   }
},
{
   "pk": 117, 
   "model": "admin.logentry", 
   "fields": {
      "action_flag": 1, 
      "action_time": "2013-05-22T00:06:51.042Z", 
      "object_repr": "(Orchid Birch Basket): Original=Is available - $75.00", 
      "object_id": "61", 
      "change_message": "", 
      "user": 1, 
      "content_type": 10
   }
},
{
   "pk": 118, 
   "model": "admin.logentry", 
   "fields": {
      "action_flag": 1, 
      "action_time": "2013-05-22T00:07:29.610Z", 
      "object_repr": "(Orchid Birch Basket): Coasters=Not Currently Available", 
      "object_id": "62", 
      "change_message": "", 
      "user": 1, 
      "content_type": 10
   }
},
{
   "pk": 119, 
   "model": "admin.logentry", 
   "fields": {
      "action_flag": 1, 
      "action_time": "2013-05-22T00:07:47.802Z", 
      "object_repr": "(Orchid Birch Basket): Trivets=Not Currently Available", 
      "object_id": "63", 
      "change_message": "", 
      "user": 1, 
      "content_type": 10
   }
},
{
   "pk": 120, 
   "model": "admin.logentry", 
   "fields": {
      "action_flag": 1, 
      "action_time": "2013-05-22T00:08:01.683Z", 
      "object_repr": "(Orchid Birch Basket): Digital Print=Not Currently Available", 
      "object_id": "64", 
      "change_message": "", 
      "user": 1, 
      "content_type": 10
   }
},
{
   "pk": 121, 
   "model": "admin.logentry", 
   "fields": {
      "action_flag": 1, 
      "action_time": "2013-05-22T00:09:22.229Z", 
      "object_repr": "(Beehive Basket): Size of Art=11\" x 14\"", 
      "object_id": "65", 
      "change_message": "", 
      "user": 1, 
      "content_type": 10
   }
},
{
   "pk": 122, 
   "model": "admin.logentry", 
   "fields": {
      "action_flag": 1, 
      "action_time": "2013-05-22T00:09:43.028Z", 
      "object_repr": "(Beehive Basket): Framed Size=11\" x 14\"", 
      "object_id": "66", 
      "change_message": "", 
      "user": 1, 
      "content_type": 10
   }
},
{
   "pk": 123, 
   "model": "admin.logentry", 
   "fields": {
      "action_flag": 1, 
      "action_time": "2013-05-22T00:10:32.770Z", 
      "object_repr": "(Beehive Basket): Original=Is available - $75.00", 
      "object_id": "67", 
      "change_message": "", 
      "user": 1, 
      "content_type": 10
   }
},
{
   "pk": 124, 
   "model": "admin.logentry", 
   "fields": {
      "action_flag": 1, 
      "action_time": "2013-05-22T00:11:00.809Z", 
      "object_repr": "(Beehive Basket): Coasters=Not Currently Available", 
      "object_id": "68", 
      "change_message": "", 
      "user": 1, 
      "content_type": 10
   }
},
{
   "pk": 125, 
   "model": "admin.logentry", 
   "fields": {
      "action_flag": 1, 
      "action_time": "2013-05-22T00:11:17.079Z", 
      "object_repr": "(Beehive Basket): Trivets=Not Currently Available", 
      "object_id": "69", 
      "change_message": "", 
      "user": 1, 
      "content_type": 10
   }
},
{
   "pk": 126, 
   "model": "admin.logentry", 
   "fields": {
      "action_flag": 1, 
      "action_time": "2013-05-22T00:11:31.351Z", 
      "object_repr": "(Beehive Basket): Digital Print=Not Currently Available", 
      "object_id": "70", 
      "change_message": "", 
      "user": 1, 
      "content_type": 10
   }
},
{
   "pk": 127, 
   "model": "admin.logentry", 
   "fields": {
      "action_flag": 1, 
      "action_time": "2013-05-22T00:13:16.590Z", 
      "object_repr": "(Wheelbarrow): Size of Art=11\" x 14\"", 
      "object_id": "71", 
      "change_message": "", 
      "user": 1, 
      "content_type": 10
   }
},
{
   "pk": 128, 
   "model": "admin.logentry", 
   "fields": {
      "action_flag": 1, 
      "action_time": "2013-05-22T00:13:32.376Z", 
      "object_repr": "(Wheelbarrow): Framed Size=11\" x 14\"", 
      "object_id": "72", 
      "change_message": "", 
      "user": 1, 
      "content_type": 10
   }
},
{
   "pk": 129, 
   "model": "admin.logentry", 
   "fields": {
      "action_flag": 1, 
      "action_time": "2013-05-22T00:13:59.897Z", 
      "object_repr": "(Wheelbarrow): Original=Is available - $75.00", 
      "object_id": "73", 
      "change_message": "", 
      "user": 1, 
      "content_type": 10
   }
},
{
   "pk": 130, 
   "model": "admin.logentry", 
   "fields": {
      "action_flag": 1, 
      "action_time": "2013-05-22T00:14:16.072Z", 
      "object_repr": "(Wheelbarrow): Coasters=Not Currently Available", 
      "object_id": "74", 
      "change_message": "", 
      "user": 1, 
      "content_type": 10
   }
},
{
   "pk": 131, 
   "model": "admin.logentry", 
   "fields": {
      "action_flag": 1, 
      "action_time": "2013-05-22T00:14:31.311Z", 
      "object_repr": "(Wheelbarrow): Trivets=Not Currently Available", 
      "object_id": "75", 
      "change_message": "", 
      "user": 1, 
      "content_type": 10
   }
},
{
   "pk": 132, 
   "model": "admin.logentry", 
   "fields": {
      "action_flag": 1, 
      "action_time": "2013-05-22T00:14:49.656Z", 
      "object_repr": "(Wheelbarrow): Digital Print=Not Currently Available", 
      "object_id": "76", 
      "change_message": "", 
      "user": 1, 
      "content_type": 10
   }
},
{
   "pk": 133, 
   "model": "admin.logentry", 
   "fields": {
      "action_flag": 2, 
      "action_time": "2013-05-22T00:17:03.474Z", 
      "object_repr": "(Floral Arrangements): Floral Wheelbarrow", 
      "object_id": "12", 
      "change_message": "Changed title and description.", 
      "user": 1, 
      "content_type": 9
   }
},
{
   "pk": 134, 
   "model": "admin.logentry", 
   "fields": {
      "action_flag": 2, 
      "action_time": "2013-05-22T00:19:02.778Z", 
      "object_repr": "(Other Designs): My Garden Visitor", 
      "object_id": "17", 
      "change_message": "Changed title and description.", 
      "user": 1, 
      "content_type": 9
   }
},
{
   "pk": 135, 
   "model": "admin.logentry", 
   "fields": {
      "action_flag": 2, 
      "action_time": "2013-05-22T00:19:44.456Z", 
      "object_repr": "(Other Designs): Nature's Dance", 
      "object_id": "16", 
      "change_message": "Changed description.", 
      "user": 1, 
      "content_type": 9
   }
},
{
   "pk": 136, 
   "model": "admin.logentry", 
   "fields": {
      "action_flag": 2, 
      "action_time": "2013-05-22T00:20:35.715Z", 
      "object_repr": "(Floral Arrangements): Follow the Light", 
      "object_id": "15", 
      "change_message": "Changed description.", 
      "user": 1, 
      "content_type": 9
   }
},
{
   "pk": 137, 
   "model": "admin.logentry", 
   "fields": {
      "action_flag": 2, 
      "action_time": "2013-05-22T00:21:24.404Z", 
      "object_repr": "(Floral Arrangements): Glorious Daffodils", 
      "object_id": "14", 
      "change_message": "Changed description.", 
      "user": 1, 
      "content_type": 9
   }
},
{
   "pk": 138, 
   "model": "admin.logentry", 
   "fields": {
      "action_flag": 2, 
      "action_time": "2013-05-22T00:22:22.822Z", 
      "object_repr": "(Floral Arrangements): Beehive Basket", 
      "object_id": "11", 
      "change_message": "Changed description.", 
      "user": 1, 
      "content_type": 9
   }
},
{
   "pk": 139, 
   "model": "admin.logentry", 
   "fields": {
      "action_flag": 2, 
      "action_time": "2013-05-22T00:25:24.855Z", 
      "object_repr": "(Landscapes): Summer Birch Trees", 
      "object_id": "8", 
      "change_message": "Changed description.", 
      "user": 1, 
      "content_type": 9
   }
},
{
   "pk": 140, 
   "model": "admin.logentry", 
   "fields": {
      "action_flag": 2, 
      "action_time": "2013-05-22T00:26:19.078Z", 
      "object_repr": "(Landscapes): Autumn Splendor", 
      "object_id": "7", 
      "change_message": "Changed description.", 
      "user": 1, 
      "content_type": 9
   }
},
{
   "pk": 141, 
   "model": "admin.logentry", 
   "fields": {
      "action_flag": 2, 
      "action_time": "2013-05-22T00:27:27.018Z", 
      "object_repr": "(Landscapes): Regal Rooster", 
      "object_id": "5", 
      "change_message": "Changed description.", 
      "user": 1, 
      "content_type": 9
   }
},
{
   "pk": 142, 
   "model": "admin.logentry", 
   "fields": {
      "action_flag": 2, 
      "action_time": "2013-05-22T00:28:09.355Z", 
      "object_repr": "(Landscapes): Memories Past", 
      "object_id": "4", 
      "change_message": "Changed description.", 
      "user": 1, 
      "content_type": 9
   }
},
{
   "pk": 143, 
   "model": "admin.logentry", 
   "fields": {
      "action_flag": 2, 
      "action_time": "2013-05-22T00:29:05.050Z", 
      "object_repr": "(Landscapes): Mother's Day Garden", 
      "object_id": "3", 
      "change_message": "Changed description.", 
      "user": 1, 
      "content_type": 9
   }
},
{
   "pk": 144, 
   "model": "admin.logentry", 
   "fields": {
      "action_flag": 2, 
      "action_time": "2013-05-22T00:30:19.847Z", 
      "object_repr": "(Landscapes): Golden Sunset", 
      "object_id": "2", 
      "change_message": "Changed description.", 
      "user": 1, 
      "content_type": 9
   }
},
{
   "pk": 145, 
   "model": "admin.logentry", 
   "fields": {
      "action_flag": 3, 
      "action_time": "2013-05-22T00:32:19.107Z", 
      "object_repr": "(Mother's Day Garden): Size of Art=11\" x 14\"", 
      "object_id": "25", 
      "change_message": "", 
      "user": 1, 
      "content_type": 10
   }
},
{
   "pk": 146, 
   "model": "admin.logentry", 
   "fields": {
      "action_flag": 1, 
      "action_time": "2013-05-22T00:33:50.046Z", 
      "object_repr": "(Autumn Splendor): Coasters=Not Currently Available", 
      "object_id": "77", 
      "change_message": "", 
      "user": 1, 
      "content_type": 10
   }
},
{
   "pk": 147, 
   "model": "admin.logentry", 
   "fields": {
      "action_flag": 1, 
      "action_time": "2013-05-22T00:34:05.530Z", 
      "object_repr": "(Autumn Splendor): Trivets=Not Currently Available", 
      "object_id": "78", 
      "change_message": "", 
      "user": 1, 
      "content_type": 10
   }
},
{
   "pk": 148, 
   "model": "admin.logentry", 
   "fields": {
      "action_flag": 1, 
      "action_time": "2013-05-22T00:34:18.829Z", 
      "object_repr": "(Autumn Splendor): Digital Print=Not Currently Available", 
      "object_id": "79", 
      "change_message": "", 
      "user": 1, 
      "content_type": 10
   }
},
{
   "pk": 149, 
   "model": "admin.logentry", 
   "fields": {
      "action_flag": 1, 
      "action_time": "2013-05-22T00:36:31.848Z", 
      "object_repr": "(Tropical Garden): Digital Print=8\" x 10\" available", 
      "object_id": "80", 
      "change_message": "", 
      "user": 1, 
      "content_type": 10
   }
},
{
   "pk": 150, 
   "model": "admin.logentry", 
   "fields": {
      "action_flag": 1, 
      "action_time": "2013-05-22T00:38:17.591Z", 
      "object_repr": "(Glorious Daffodils): Size of Art=11\" x 14\"", 
      "object_id": "81", 
      "change_message": "", 
      "user": 1, 
      "content_type": 10
   }
},
{
   "pk": 151, 
   "model": "admin.logentry", 
   "fields": {
      "action_flag": 1, 
      "action_time": "2013-05-22T00:38:37.946Z", 
      "object_repr": "(Glorious Daffodils): Framed Size=11\" x 14\"", 
      "object_id": "82", 
      "change_message": "", 
      "user": 1, 
      "content_type": 10
   }
},
{
   "pk": 152, 
   "model": "admin.logentry", 
   "fields": {
      "action_flag": 1, 
      "action_time": "2013-05-22T00:40:09.670Z", 
      "object_repr": "(Glorious Daffodils): Original=Is available - $70.00", 
      "object_id": "83", 
      "change_message": "", 
      "user": 1, 
      "content_type": 10
   }
},
{
   "pk": 153, 
   "model": "admin.logentry", 
   "fields": {
      "action_flag": 1, 
      "action_time": "2013-05-22T00:40:45.088Z", 
      "object_repr": "(Glorious Daffodils): Coasters=Not Currently Available", 
      "object_id": "84", 
      "change_message": "", 
      "user": 1, 
      "content_type": 10
   }
},
{
   "pk": 154, 
   "model": "admin.logentry", 
   "fields": {
      "action_flag": 1, 
      "action_time": "2013-05-22T00:40:57.278Z", 
      "object_repr": "(Glorious Daffodils): Trivets=Not Currently Available", 
      "object_id": "85", 
      "change_message": "", 
      "user": 1, 
      "content_type": 10
   }
},
{
   "pk": 155, 
   "model": "admin.logentry", 
   "fields": {
      "action_flag": 1, 
      "action_time": "2013-05-22T00:41:14.013Z", 
      "object_repr": "(Glorious Daffodils): Digital Print=Not Currently Available", 
      "object_id": "86", 
      "change_message": "", 
      "user": 1, 
      "content_type": 10
   }
},
{
   "pk": 156, 
   "model": "admin.logentry", 
   "fields": {
      "action_flag": 1, 
      "action_time": "2013-05-22T00:41:54.789Z", 
      "object_repr": "(Follow the Light): Size of Art=5\" x 7\"", 
      "object_id": "87", 
      "change_message": "", 
      "user": 1, 
      "content_type": 10
   }
},
{
   "pk": 157, 
   "model": "admin.logentry", 
   "fields": {
      "action_flag": 1, 
      "action_time": "2013-05-22T00:42:16.932Z", 
      "object_repr": "(Follow the Light): Framed Size=8\" x 10\"", 
      "object_id": "88", 
      "change_message": "", 
      "user": 1, 
      "content_type": 10
   }
},
{
   "pk": 158, 
   "model": "admin.logentry", 
   "fields": {
      "action_flag": 1, 
      "action_time": "2013-05-22T00:43:26.491Z", 
      "object_repr": "(Follow the Light): Original=is available - $50.00", 
      "object_id": "89", 
      "change_message": "", 
      "user": 1, 
      "content_type": 10
   }
},
{
   "pk": 159, 
   "model": "admin.logentry", 
   "fields": {
      "action_flag": 1, 
      "action_time": "2013-05-22T00:47:59.505Z", 
      "object_repr": "(My Garden Visitor): Size of Art=8\" x 10\"", 
      "object_id": "90", 
      "change_message": "", 
      "user": 1, 
      "content_type": 10
   }
},
{
   "pk": 160, 
   "model": "admin.logentry", 
   "fields": {
      "action_flag": 1, 
      "action_time": "2013-05-22T00:49:20.050Z", 
      "object_repr": "(My Garden Visitor): Framed Size=8\" x 10\"", 
      "object_id": "91", 
      "change_message": "", 
      "user": 1, 
      "content_type": 10
   }
},
{
   "pk": 161, 
   "model": "admin.logentry", 
   "fields": {
      "action_flag": 1, 
      "action_time": "2013-05-22T00:50:12.471Z", 
      "object_repr": "(My Garden Visitor): Original=is available - $135.00", 
      "object_id": "92", 
      "change_message": "", 
      "user": 1, 
      "content_type": 10
   }
},
{
   "pk": 162, 
   "model": "admin.logentry", 
   "fields": {
      "action_flag": 1, 
      "action_time": "2013-05-22T00:50:27.439Z", 
      "object_repr": "(My Garden Visitor): Coasters=Not Currently Available", 
      "object_id": "93", 
      "change_message": "", 
      "user": 1, 
      "content_type": 10
   }
},
{
   "pk": 163, 
   "model": "admin.logentry", 
   "fields": {
      "action_flag": 1, 
      "action_time": "2013-05-22T00:50:43.883Z", 
      "object_repr": "(My Garden Visitor): Trivets=Not Currently Available", 
      "object_id": "94", 
      "change_message": "", 
      "user": 1, 
      "content_type": 10
   }
},
{
   "pk": 164, 
   "model": "admin.logentry", 
   "fields": {
      "action_flag": 1, 
      "action_time": "2013-05-22T00:50:58.155Z", 
      "object_repr": "(My Garden Visitor): Digital Print=Not Currently Available", 
      "object_id": "95", 
      "change_message": "", 
      "user": 1, 
      "content_type": 10
   }
},
{
   "pk": 165, 
   "model": "admin.logentry", 
   "fields": {
      "action_flag": 2, 
      "action_time": "2013-05-22T01:00:17.531Z", 
      "object_repr": "(Floral Wheelbarrow): Digital Print=Available 8\" x 10\"", 
      "object_id": "76", 
      "change_message": "Changed value.", 
      "user": 1, 
      "content_type": 10
   }
},
{
   "pk": 166, 
   "model": "admin.logentry", 
   "fields": {
      "action_flag": 2, 
      "action_time": "2013-05-22T01:17:54.019Z", 
      "object_repr": "(Floral Arrangements): Magnolia and Lace", 
      "object_id": "13", 
      "change_message": "Changed description.", 
      "user": 1, 
      "content_type": 9
   }
},
{
   "pk": 167, 
   "model": "admin.logentry", 
   "fields": {
      "action_flag": 2, 
      "action_time": "2013-05-22T01:24:01.038Z", 
      "object_repr": "(Landscapes): Enchanted Garden", 
      "object_id": "6", 
      "change_message": "Changed description.", 
      "user": 1, 
      "content_type": 9
   }
},
{
   "pk": 168, 
   "model": "admin.logentry", 
   "fields": {
      "action_flag": 2, 
      "action_time": "2013-05-22T01:33:03.633Z", 
      "object_repr": "(Landscapes): Tropical Garden", 
      "object_id": "9", 
      "change_message": "Changed description.", 
      "user": 1, 
      "content_type": 9
   }
},
{
   "pk": 169, 
   "model": "admin.logentry", 
   "fields": {
      "action_flag": 2, 
      "action_time": "2013-05-22T01:36:45.794Z", 
      "object_repr": "(Floral Arrangements): Magnolia and Lace", 
      "object_id": "13", 
      "change_message": "Changed description.", 
      "user": 1, 
      "content_type": 9
   }
},
{
   "pk": 170, 
   "model": "admin.logentry", 
   "fields": {
      "action_flag": 1, 
      "action_time": "2013-05-22T01:38:04.109Z", 
      "object_repr": "(Magnolia and Lace): Size of Art=11\" x 14\"", 
      "object_id": "96", 
      "change_message": "", 
      "user": 1, 
      "content_type": 10
   }
},
{
   "pk": 171, 
   "model": "admin.logentry", 
   "fields": {
      "action_flag": 1, 
      "action_time": "2013-05-22T01:38:19.078Z", 
      "object_repr": "(Magnolia and Lace): Framed Size=11\" x 14\"", 
      "object_id": "97", 
      "change_message": "", 
      "user": 1, 
      "content_type": 10
   }
},
{
   "pk": 172, 
   "model": "admin.logentry", 
   "fields": {
      "action_flag": 1, 
      "action_time": "2013-05-22T01:38:39.386Z", 
      "object_repr": "(Magnolia and Lace): Original=Sold", 
      "object_id": "98", 
      "change_message": "", 
      "user": 1, 
      "content_type": 10
   }
},
{
   "pk": 173, 
   "model": "admin.logentry", 
   "fields": {
      "action_flag": 1, 
      "action_time": "2013-05-22T01:38:58.298Z", 
      "object_repr": "(Magnolia and Lace): Coasters=Not Currently Available", 
      "object_id": "99", 
      "change_message": "", 
      "user": 1, 
      "content_type": 10
   }
},
{
   "pk": 174, 
   "model": "admin.logentry", 
   "fields": {
      "action_flag": 1, 
      "action_time": "2013-05-22T01:39:13.556Z", 
      "object_repr": "(Magnolia and Lace): Trivets=Not Currently Available", 
      "object_id": "100", 
      "change_message": "", 
      "user": 1, 
      "content_type": 10
   }
},
{
   "pk": 175, 
   "model": "admin.logentry", 
   "fields": {
      "action_flag": 1, 
      "action_time": "2013-05-22T01:39:37.207Z", 
      "object_repr": "(Magnolia and Lace): Digital Print=8\" x 10\" available", 
      "object_id": "101", 
      "change_message": "", 
      "user": 1, 
      "content_type": 10
   }
},
{
   "pk": 176, 
   "model": "admin.logentry", 
   "fields": {
      "action_flag": 2, 
      "action_time": "2013-05-22T12:34:10.102Z", 
      "object_repr": "(Landscapes): A Winter Landscape", 
      "object_id": "1", 
      "change_message": "Changed frame_image.", 
      "user": 1, 
      "content_type": 9
   }
},
{
   "pk": 177, 
   "model": "admin.logentry", 
   "fields": {
      "action_flag": 2, 
      "action_time": "2013-05-22T12:39:42.393Z", 
      "object_repr": "(Landscapes): A Winter Landscape", 
      "object_id": "1", 
      "change_message": "No fields changed.", 
      "user": 1, 
      "content_type": 9
   }
},
{
   "pk": 178, 
   "model": "admin.logentry", 
   "fields": {
      "action_flag": 2, 
      "action_time": "2013-05-23T03:35:18.659Z", 
      "object_repr": "(Landscapes): A Winter Landscape", 
      "object_id": "1", 
      "change_message": "Changed image.", 
      "user": 1, 
      "content_type": 9
   }
},
{
   "pk": 179, 
   "model": "admin.logentry", 
   "fields": {
      "action_flag": 2, 
      "action_time": "2013-05-23T03:37:17.182Z", 
      "object_repr": "(Landscapes): A Winter Landscape", 
      "object_id": "1", 
      "change_message": "Changed cover.", 
      "user": 1, 
      "content_type": 9
   }
},
{
   "pk": 180, 
   "model": "admin.logentry", 
   "fields": {
      "action_flag": 2, 
      "action_time": "2013-05-23T03:43:37.283Z", 
      "object_repr": "(Landscapes): A Winter Landscape", 
      "object_id": "1", 
      "change_message": "Changed cover.", 
      "user": 1, 
      "content_type": 9
   }
},
{
   "pk": 181, 
   "model": "admin.logentry", 
   "fields": {
      "action_flag": 2, 
      "action_time": "2013-05-23T03:46:31.943Z", 
      "object_repr": "(Landscapes): Autumn Splendor", 
      "object_id": "7", 
      "change_message": "Changed cover, image and frame_image.", 
      "user": 1, 
      "content_type": 9
   }
},
{
   "pk": 182, 
   "model": "admin.logentry", 
   "fields": {
      "action_flag": 2, 
      "action_time": "2013-05-23T03:50:27.965Z", 
      "object_repr": "(Landscapes): Autumn Splendor", 
      "object_id": "7", 
      "change_message": "Changed cover.", 
      "user": 1, 
      "content_type": 9
   }
},
{
   "pk": 183, 
   "model": "admin.logentry", 
   "fields": {
      "action_flag": 2, 
      "action_time": "2013-05-23T03:53:44.928Z", 
      "object_repr": "(Landscapes): Autumn Splendor", 
      "object_id": "7", 
      "change_message": "Changed image.", 
      "user": 1, 
      "content_type": 9
   }
},
{
   "pk": 184, 
   "model": "admin.logentry", 
   "fields": {
      "action_flag": 2, 
      "action_time": "2013-05-23T03:55:52.948Z", 
      "object_repr": "(Landscapes): Autumn Splendor", 
      "object_id": "7", 
      "change_message": "Changed cover, image and frame_image.", 
      "user": 1, 
      "content_type": 9
   }
},
{
   "pk": 185, 
   "model": "admin.logentry", 
   "fields": {
      "action_flag": 2, 
      "action_time": "2013-05-23T03:57:59.377Z", 
      "object_repr": "(Landscapes): Autumn Splendor", 
      "object_id": "7", 
      "change_message": "Changed cover, image and frame_image.", 
      "user": 1, 
      "content_type": 9
   }
},
{
   "pk": 186, 
   "model": "admin.logentry", 
   "fields": {
      "action_flag": 2, 
      "action_time": "2013-05-23T04:00:09.038Z", 
      "object_repr": "(Landscapes): A Winter Landscape", 
      "object_id": "1", 
      "change_message": "Changed cover.", 
      "user": 1, 
      "content_type": 9
   }
},
{
   "pk": 187, 
   "model": "admin.logentry", 
   "fields": {
      "action_flag": 2, 
      "action_time": "2013-05-23T04:04:21.664Z", 
      "object_repr": "(Landscapes): Autumn Splendor", 
      "object_id": "7", 
      "change_message": "No fields changed.", 
      "user": 1, 
      "content_type": 9
   }
}
]
